0,4,5,6,7,8,9,10,11,12,13,14,15,16,17,18,19,20,21,22,23,24,25,26,27,28,29,30,31,32,33,34,35,36,37,38,39,40,41,42,43,44,45,46,47,48,49,50,51,52,53,54,55,56,57,58
0.0,4.0,5.0,6.0,7.0,8.0,9.0,10.0,11.0,12.0,13.0,14.0,15.0,16.0,17.0,18.0,19.0,20.0,21.0,22.0,23.0,24.0,25.0,26.0,27.0,28.0,29.0,30.0,31.0,32.0,33.0,34.0,35.0,36.0,37.0,38.0,39.0,40.0,41.0,42.0,43.0,44.0,45.0,46.0,47.0,48.0,49.0,50.0,51.0,52.0,53.0,54.0,55.0,56.0,57.0,58.0
2354.0,24.0,30.0,2.6,,5.5,,6.8,8.6,203.0,525.0,1.2,3.4,0.57,,2.7,,7.0,15.0,75.0,210.0,,,,,,,,,,,,,,,,,,,,,,,,,,,,,,,,,,,
2355.0,24.0,31.0,1.5,,5.0,,6.6,8.2,456.0,26393.0,1.9,5.8,1.15,,3.4,,7.0,28.0,150.0,2400.0,,,,,,,,,,,,,,,,,,,,,,,,,,,,,,,,,,,
3051.0,24.0,28.0,5.0,,6.4,,7.0,7.8,905.0,2179.0,2.6,8.4,1.28,,5.2,,3.0,4.0,210.0,1600.0,,,,,,,,,,,,,,,,,,,,,,,,,,,,,,,,,,,
4356.0,25.0,32.0,5.6,,7.5,,7.6,8.4,249.0,634.0,1.1,2.5,0.63,,2.09,,7.0,20.0,69.0,150.0,,,,,,,,,,,,,,,,,,,,,,,,,,,,,,,,,,,
4370.0,26.0,27.0,4.2,,7.0,,7.0,7.9,363.0,849.0,0.8,2.8,0.7,,3.36,,2.0,21.0,75.0,800.0,,,,,,,,,,,,,,,,,,,,,,,,,,,,,,,,,,,
4374.0,25.0,27.0,4.0,,7.3,,6.6,8.1,268.0,5000.0,1.2,3.8,0.55,,4.81,,4.0,15.0,120.0,1600.0,,,,,,,,,,,,,,,,,,,,,,,,,,,,,,,,,,,
1479.0,,,10.2,,10.2,,7.6,7.8,239.0,293.0,1.1,5.2,0.91,,5.12,,2400.0,35000.0,9200.0,35000.0,,,,,,,,,,,,,,,,,,,,,,,,,,,,,,,,,,,
2057.0,16.0,32.0,,,2.4,,7.0,7.3,565.0,1450.0,10.0,58.0,0.2,,0.5,,1100000.0,16000000.0,2200000.0,16000000.0,,,,,,,,,,,,,,,,,,,,,,,,,,,,,,,,,,,
2265.0,27.0,30.0,5.2,,8.1,,5.8,7.4,47.0,641.0,,2.4,,,1.37,,78.0,1100.0,130.0,2300.0,,,,,,,,,,,,,,,,,,,,,,,,,,,,,,,,,,,
2266.0,27.0,30.0,4.9,,8.8,,5.8,7.8,52.0,605.0,,2.7,,,1.37,,130.0,1700.0,490.0,3300.0,,,,,,,,,,,,,,,,,,,,,,,,,,,,,,,,,,,
2268.0,26.0,31.0,4.2,,6.2,,5.2,8.5,83.0,44510.0,,0.8,0.02,,1.08,,45.0,2400.0,490.0,5400.0,,,,,,,,,,,,,,,,,,,,,,,,,,,,,,,,,,,
2073.0,25.0,30.0,6.8,,7.8,,7.4,8.2,239.0,360.0,0.5,1.1,0.03,,0.16,,,,2.0,37.0,,,,,,,,,,,,,,,,,,,,,,,,,,,,,,,,,,,
2074.0,28.0,32.0,5.7,,7.2,,7.3,8.8,272.0,737.0,0.4,0.8,0.09,,0.77,,14.0,33.0,49.0,94.0,,,,,,,,,,,,,,,,,,,,,,,,,,,,,,,,,,,
4421.0,25.0,33.0,7.8,,8.3,,7.4,8.3,253.0,336.0,0.3,0.4,0.4,,0.54,,2.0,2.0,4.0,21.0,,,,,,,,,,,,,,,,,,,,,,,,,,,,,,,,,,,
1109.0,19.0,27.0,4.6,,8.0,,7.0,8.1,135.0,2230.0,1.8,4.0,0.01,,2.8,,500.0,4000.0,1500.0,160000.0,,,,,,,,,,,,,,,,,,,,,,,,,,,,,,,,,,,
1110.0,26.0,26.0,5.9,,7.0,,7.6,7.8,189.0,296.0,2.4,2.6,0.02,,0.09,,700.0,4800.0,1500.0,54200.0,,,,,,,,,,,,,,,,,,,,,,,,,,,,,,,,,,,
1111.0,19.0,29.0,3.7,,9.3,,6.8,8.0,146.0,345.0,1.2,2.4,0.01,,0.18,,400.0,3300.0,1300.0,21200.0,,,,,,,,,,,,,,,,,,,,,,,,,,,,,,,,,,,
1112.0,21.0,29.0,1.5,,7.8,,7.4,7.9,151.0,2370.0,1.2,2.8,0.02,,0.3,,200.0,1700.0,900.0,20000.0,,,,,,,,,,,,,,,,,,,,,,,,,,,,,,,,,,,
1113.0,25.0,25.0,6.6,,7.3,,7.6,7.6,222.0,410.0,1.2,2.5,0.04,,0.09,,1700.0,1700.0,14800.0,17200.0,,,,,,,,,,,,,,,,,,,,,,,,,,,,,,,,,,,
1114.0,21.0,23.0,3.2,,8.2,,7.2,8.6,250.0,1180.0,2.4,24.0,0.12,,4.2,,2.0,3910.0,2210.0,351000.0,,,,,,,,,,,,,,,,,,,,,,,,,,,,,,,,,,,
1115.0,20.0,29.0,1.6,,7.6,,7.5,7.9,140.0,2390.0,1.5,2.6,0.02,,0.62,,400.0,9200.0,1400.0,27800.0,,,,,,,,,,,,,,,,,,,,,,,,,,,,,,,,,,,
1116.0,14.0,30.0,5.4,,10.1,,7.4,8.0,183.0,2350.0,0.8,2.6,0.05,,3.5,,25.0,21000.0,540.0,130000.0,,,,,,,,,,,,,,,,,,,,,,,,,,,,,,,,,,,
1419.0,,,2.6,,3.9,,7.0,8.3,1010.0,1320.0,18.0,32.0,3.6,,5.4,,3560.0,3970.0,32110.0,340620.0,,,,,,,,,,,,,,,,,,,,,,,,,,,,,,,,,,,
1886.0,20.0,27.0,5.6,,9.8,,7.6,8.1,141.0,2150.0,0.6,3.5,0.01,,1.86,,200.0,13000.0,1400.0,49000.0,,,,,,,,,,,,,,,,,,,,,,,,,,,,,,,,,,,
2056.0,24.0,26.0,6.8,,8.6,,7.6,8.0,186.0,295.0,1.5,3.5,0.03,,0.07,,200.0,1400.0,1400.0,12000.0,,,,,,,,,,,,,,,,,,,,,,,,,,,,,,,,,,,
3461.0,24.0,32.0,3.2,,7.5,,6.6,7.7,195.0,43100.0,0.2,2.1,0.1,,1.18,,100.0,4900.0,200.0,7800.0,,,,,,,,,,,,,,,,,,,,,,,,,,,,,,,,,,,
3467.0,25.0,32.0,1.5,,4.8,,6.5,7.3,319.0,30000.0,1.0,3.6,0.03,,3.01,,2600.0,70000.0,5400.0,110000.0,,,,,,,,,,,,,,,,,,,,,,,,,,,,,,,,,,,
3469.0,25.0,29.0,2.6,,7.3,,6.5,7.6,58.0,145.0,1.1,3.5,0.17,,2.83,,1500.0,6300.0,3500.0,8400.0,,,,,,,,,,,,,,,,,,,,,,,,,,,,,,,,,,,
2836.0,16.0,28.0,6.7,,7.8,,6.6,7.6,110.0,374.0,2.3,3.7,26.0,,30.0,,5.0,35.0,15.0,150.0,,,,,,,,,,,,,,,,,,,,,,,,,,,,,,,,,,,
2428.0,24.0,28.0,6.8,,7.7,,7.1,7.3,151.0,192.0,0.8,3.8,0.19,,0.38,,700.0,4900.0,3500.0,25000.0,,,,,,,,,,,,,,,,,,,,,,,,,,,,,,,,,,,
2429.0,25.0,28.0,6.4,,7.4,,6.7,7.7,131.0,192.0,0.6,3.4,0.18,,0.78,,1700.0,92000.0,2800.0,160000.0,,,,,,,,,,,,,,,,,,,,,,,,,,,,,,,,,,,
2430.0,22.0,33.0,0.4,,8.4,,7.0,8.2,147.0,297.0,0.3,5.6,0.11,,0.9,,140.0,7900.0,330.0,17000.0,,,,,,,,,,,,,,,,,,,,,,,,,,,,,,,,,,,
3950.0,26.0,28.0,7.2,,7.6,,7.2,7.5,131.0,191.0,1.5,3.7,0.23,,0.36,,1700.0,22000.0,4300.0,54000.0,,,,,,,,,,,,,,,,,,,,,,,,,,,,,,,,,,,
3951.0,24.0,27.0,5.4,,7.8,,6.8,7.7,142.0,193.0,1.3,4.7,0.22,,0.89,,1700.0,35000.0,4900.0,92000.0,,,,,,,,,,,,,,,,,,,,,,,,,,,,,,,,,,,
3952.0,24.0,28.0,6.2,,7.6,,7.4,7.8,134.0,176.0,1.0,2.3,0.23,,0.53,,490.0,17000.0,1100.0,35000.0,,,,,,,,,,,,,,,,,,,,,,,,,,,,,,,,,,,
3958.0,23.0,32.0,6.2,,11.8,,7.0,8.4,172.0,296.0,0.6,1.8,0.12,,2.25,,78.0,2200.0,220.0,3900.0,,,,,,,,,,,,,,,,,,,,,,,,,,,,,,,,,,,
3959.0,23.0,34.0,5.5,,9.3,,7.3,8.3,137.0,280.0,0.6,2.4,0.11,,0.27,,170.0,2400.0,460.0,5400.0,,,,,,,,,,,,,,,,,,,,,,,,,,,,,,,,,,,
3960.0,20.0,29.0,3.1,,7.6,,6.5,8.4,142.0,448.0,0.6,2.8,0.16,,6.51,,45.0,1700.0,230.0,4700.0,,,,,,,,,,,,,,,,,,,,,,,,,,,,,,,,,,,
2932.0,22.0,26.0,4.7,,5.6,,8.0,8.6,260.0,400.0,0.6,1.6,1.82,,3.32,,7.0,23.0,21.0,75.0,,,,,,,,,,,,,,,,,,,,,,,,,,,,,,,,,,,
2933.0,16.0,32.0,4.6,,6.8,,7.8,8.2,210.0,400.0,0.9,2.2,1.66,,2.74,,14.0,75.0,75.0,150.0,,,,,,,,,,,,,,,,,,,,,,,,,,,,,,,,,,,
2934.0,16.0,31.0,3.9,,6.5,,7.6,8.1,250.0,590.0,0.9,3.0,1.76,,2.74,,11.0,75.0,28.0,210.0,,,,,,,,,,,,,,,,,,,,,,,,,,,,,,,,,,,
4773.0,15.0,31.0,3.9,,6.0,,7.6,8.2,250.0,440.0,0.9,2.4,1.6,,2.21,,9.0,39.0,28.0,93.0,,,,,,,,,,,,,,,,,,,,,,,,,,,,,,,,,,,
30022.0,,,5.4,,5.9,,7.1,7.7,294.0,303.0,1.5,3.4,1.12,,1.33,,3600.0,23000.0,8200.0,23000.0,,,,,,,,,,,,,,,,,,,,,,,,,,,,,,,,,,,
10049.0,28.0,28.0,,,,,7.6,7.6,2490.0,2490.0,17.0,17.0,3.2,,3.2,,2.0,2.0,45.0,45.0,,,,,,,,,,,,,,,,,,,,,,,,,,,,,,,,,,,
10050.0,26.0,26.0,,,,,7.2,7.2,5550.0,5550.0,20.0,20.0,3.4,,3.4,,45.0,45.0,790.0,790.0,,,,,,,,,,,,,,,,,,,,,,,,,,,,,,,,,,,
10052.0,28.0,34.0,3.0,,3.0,,7.2,7.3,2330.0,2870.0,8.0,26.0,1.0,,3.05,,2.0,700.0,68.0,2200.0,,,,,,,,,,,,,,,,,,,,,,,,,,,,,,,,,,,
1729.0,21.0,28.0,4.1,,6.9,,6.2,7.6,208.0,288.0,6.4,38.0,0.39,,5.73,,220.0,350.0,430.0,920.0,,,,,,,,,,,,,,,,,,,,,,,,,,,,,,,,,,,
3387.0,21.0,28.0,5.8,,7.0,,6.7,7.6,105.0,184.0,0.8,2.8,0.26,,2.2,,70.0,150.0,150.0,280.0,,,,,,,,,,,,,,,,,,,,,,,,,,,,,,,,,,,
3388.0,22.0,29.0,5.7,,7.2,,6.9,7.8,110.0,182.0,0.9,2.7,0.22,,2.8,,46.0,120.0,110.0,240.0,,,,,,,,,,,,,,,,,,,,,,,,,,,,,,,,,,,
3389.0,20.0,28.0,5.5,,7.4,,6.6,7.7,111.0,197.0,0.9,3.5,0.3,,3.05,,58.0,150.0,110.0,280.0,,,,,,,,,,,,,,,,,,,,,,,,,,,,,,,,,,,
3390.0,20.0,27.0,5.5,,7.0,,6.4,7.3,114.0,169.0,0.8,3.5,0.21,,2.25,,58.0,150.0,110.0,240.0,,,,,,,,,,,,,,,,,,,,,,,,,,,,,,,,,,,
4198.0,22.0,28.0,6.1,,6.9,,6.8,7.5,105.0,184.0,0.8,2.6,0.3,,3.34,,41.0,130.0,120.0,240.0,,,,,,,,,,,,,,,,,,,,,,,,,,,,,,,,,,,
4199.0,22.0,28.0,4.2,,7.8,,6.5,7.8,110.0,202.0,2.6,24.0,0.43,,6.64,,22.0,350.0,350.0,540.0,,,,,,,,,,,,,,,,,,,,,,,,,,,,,,,,,,,
2726.0,16.0,20.0,9.0,,10.8,,7.5,8.4,127.0,140.0,1.0,1.0,,,,,30.0,60.0,70.0,130.0,,,,,,,,,,,,,,,,,,,,,,,,,,,,,,,,,,,
2727.0,16.0,20.0,8.6,,10.0,,7.4,8.3,128.0,143.0,1.0,1.2,,,,,40.0,90.0,110.0,170.0,,,,,,,,,,,,,,,,,,,,,,,,,,,,,,,,,,,
3998.0,17.0,20.0,9.0,,10.0,,7.6,8.4,119.0,140.0,1.0,1.0,,,,,23.0,70.0,50.0,130.0,,,,,,,,,,,,,,,,,,,,,,,,,,,,,,,,,,,
3999.0,16.0,21.0,8.6,,11.0,,7.6,8.2,117.0,138.0,1.0,1.0,,,,,30.0,50.0,50.0,110.0,,,,,,,,,,,,,,,,,,,,,,,,,,,,,,,,,,,
2512.0,20.0,32.0,0.8,,0.9,,7.2,8.1,412.0,1918.0,4.8,17.0,0.09,,0.91,,40000.0,9000000.0,80000.0,16000000.0,,,,,,,,,,,,,,,,,,,,,,,,,,,,,,,,,,,
2513.0,21.0,32.0,,,,,7.3,7.6,617.0,869.0,17.9,93.6,0.1,,0.78,,1300000.0,50000000.0,2100000.0,90000000.0,,,,,,,,,,,,,,,,,,,,,,,,,,,,,,,,,,,
4013.0,27.0,32.0,5.9,,6.9,,6.6,8.0,27750.0,58010.0,,2.3,,,0.55,,8.0,1300.0,23.0,2800.0,,,,,,,,,,,,,,,,,,,,,,,,,,,,,,,,,,,
4014.0,26.0,32.0,5.8,,7.7,,6.3,8.3,2037.0,57350.0,,2.8,0.09,,1.7,,13.0,1300.0,33.0,2200.0,,,,,,,,,,,,,,,,,,,,,,,,,,,,,,,,,,,
4015.0,27.0,32.0,5.8,,6.7,,6.1,8.2,4520.0,55860.0,,0.7,,,1.13,,8.0,490.0,,17000.0,,,,,,,,,,,,,,,,,,,,,,,,,,,,,,,,,,,
4016.0,27.0,37.0,5.8,,7.0,,7.2,8.2,17550.0,56840.0,,2.7,,,0.62,,8.0,1300.0,33.0,3500.0,,,,,,,,,,,,,,,,,,,,,,,,,,,,,,,,,,,
4017.0,27.0,32.0,5.5,,6.9,,7.3,8.2,33546.0,54980.0,,2.5,,,0.32,,8.0,1100.0,23.0,3500.0,,,,,,,,,,,,,,,,,,,,,,,,,,,,,,,,,,,
4018.0,28.0,32.0,4.2,,6.9,,7.3,8.2,26870.0,68180.0,,3.3,0.01,,0.64,,33.0,540.0,110.0,1100.0,,,,,,,,,,,,,,,,,,,,,,,,,,,,,,,,,,,
4019.0,27.0,32.0,5.2,,7.3,,6.4,8.1,50.0,58130.0,,2.9,,,0.44,,8.0,5400.0,23.0,9200.0,,,,,,,,,,,,,,,,,,,,,,,,,,,,,,,,,,,
4020.0,27.0,32.0,5.3,,6.9,,7.4,8.2,31870.0,85160.0,,3.3,0.02,,0.62,,33.0,1100.0,79.0,2200.0,,,,,,,,,,,,,,,,,,,,,,,,,,,,,,,,,,,
4021.0,27.0,32.0,5.6,,7.3,,6.2,8.1,13370.0,60310.0,,2.8,,,0.61,,5.0,790.0,13.0,1700.0,,,,,,,,,,,,,,,,,,,,,,,,,,,,,,,,,,,
4022.0,28.0,32.0,5.9,,7.0,,7.4,8.1,32490.0,55980.0,,4.6,0.01,,0.51,,5.0,790.0,23.0,1400.0,,,,,,,,,,,,,,,,,,,,,,,,,,,,,,,,,,,
2267.0,27.0,35.0,4.8,,16.0,,6.4,8.3,160.0,19710.0,,2.8,0.22,,20.65,,230.0,4900.0,490.0,7900.0,,,,,,,,,,,,,,,,,,,,,,,,,,,,,,,,,,,
2080.0,26.0,30.0,5.0,,7.1,,7.3,7.9,865.0,24820.0,0.9,2.0,0.04,,0.36,,8.0,33.0,26.0,142.0,,,,,,,,,,,,,,,,,,,,,,,,,,,,,,,,,,,
2081.0,28.0,33.0,,,4.7,,7.0,8.1,755.0,3250.0,2.0,31.0,0.19,,0.73,,33.0,79.0,140.0,280.0,,,,,,,,,,,,,,,,,,,,,,,,,,,,,,,,,,,
3196.0,28.0,32.0,,,6.5,,6.7,7.7,688.0,4640.0,0.7,23.0,0.13,,1.72,,49.0,170.0,170.0,470.0,,,,,,,,,,,,,,,,,,,,,,,,,,,,,,,,,,,
1316.0,24.0,41.0,3.7,,7.4,,6.9,7.8,83.0,60580.0,3.0,14.0,0.2,,4.7,,21.0,79.0,79.0,350.0,,,,,,,,,,,,,,,,,,,,,,,,,,,,,,,,,,,
1317.0,25.0,32.0,3.0,,5.2,,6.7,7.6,8212.0,65500.0,8.0,20.0,0.8,,2.2,,70.0,920.0,210.0,1600.0,,,,,,,,,,,,,,,,,,,,,,,,,,,,,,,,,,,
1318.0,25.0,34.0,,,5.5,,6.8,7.8,415.0,59980.0,6.0,50.0,0.5,,6.4,,23.0,920.0,170.0,920.0,,,,,,,,,,,,,,,,,,,,,,,,,,,,,,,,,,,
2184.0,23.0,32.0,3.6,,7.3,,6.8,7.8,184.0,43360.0,3.0,13.0,0.6,,3.4,,21.0,110.0,170.0,430.0,,,,,,,,,,,,,,,,,,,,,,,,,,,,,,,,,,,
2185.0,20.0,29.0,3.2,,6.8,,6.6,7.8,418.0,57400.0,4.0,20.0,1.2,,3.7,,23.0,110.0,210.0,350.0,,,,,,,,,,,,,,,,,,,,,,,,,,,,,,,,,,,
2791.0,24.0,36.0,3.5,,7.3,,6.5,7.8,136.0,16470.0,3.0,15.0,0.3,,3.2,,2.0,110.0,9.0,1600.0,,,,,,,,,,,,,,,,,,,,,,,,,,,,,,,,,,,
2792.0,24.0,32.0,3.3,,5.6,,6.3,8.0,165.0,34280.0,5.0,16.0,0.7,,7.4,,21.0,170.0,150.0,350.0,,,,,,,,,,,,,,,,,,,,,,,,,,,,,,,,,,,
2793.0,24.0,32.0,3.3,,6.6,,6.5,8.0,156.0,34360.0,4.0,15.0,0.2,,7.4,,11.0,84.0,46.0,430.0,,,,,,,,,,,,,,,,,,,,,,,,,,,,,,,,,,,
2794.0,24.0,32.0,3.5,,6.8,,6.5,8.1,142.0,34400.0,4.0,14.0,0.6,,6.6,,11.0,70.0,47.0,350.0,,,,,,,,,,,,,,,,,,,,,,,,,,,,,,,,,,,
2795.0,24.0,32.0,3.6,,6.5,,6.6,7.9,115.0,39390.0,4.0,12.0,0.1,,7.4,,17.0,920.0,58.0,920.0,,,,,,,,,,,,,,,,,,,,,,,,,,,,,,,,,,,
2796.0,24.0,35.0,3.9,,5.9,,6.6,7.9,184.0,53480.0,5.0,13.0,0.8,,4.6,,17.0,79.0,140.0,350.0,,,,,,,,,,,,,,,,,,,,,,,,,,,,,,,,,,,
2797.0,24.0,35.0,3.6,,5.7,,6.8,8.1,191.0,58050.0,6.0,14.0,1.0,,4.9,,5.0,280.0,170.0,920.0,,,,,,,,,,,,,,,,,,,,,,,,,,,,,,,,,,,
2798.0,22.0,35.0,,,4.6,,6.3,7.9,14540.0,66760.0,8.0,60.0,0.8,,3.6,,21.0,130.0,140.0,540.0,,,,,,,,,,,,,,,,,,,,,,,,,,,,,,,,,,,
2799.0,22.0,35.0,,,6.7,,6.5,8.0,103.0,67690.0,4.0,55.0,0.3,,3.1,,17.0,350.0,70.0,920.0,,,,,,,,,,,,,,,,,,,,,,,,,,,,,,,,,,,
2800.0,22.0,35.0,3.4,,6.8,,6.5,8.6,101.0,57800.0,4.0,14.0,0.3,,4.5,,13.0,110.0,84.0,280.0,,,,,,,,,,,,,,,,,,,,,,,,,,,,,,,,,,,
2801.0,25.0,30.0,3.4,,5.4,,7.1,8.1,1256.0,66530.0,6.0,16.0,0.4,,1.7,,17.0,70.0,140.0,350.0,,,,,,,,,,,,,,,,,,,,,,,,,,,,,,,,,,,
2802.0,25.0,30.0,3.8,,7.2,,7.3,7.9,68.0,66540.0,3.0,15.0,0.1,,1.7,,8.0,94.0,33.0,350.0,,,,,,,,,,,,,,,,,,,,,,,,,,,,,,,,,,,
2803.0,28.0,29.0,4.5,,7.1,,6.5,8.7,92.0,23840.0,3.0,11.0,0.1,,2.8,,17.0,79.0,33.0,350.0,,,,,,,,,,,,,,,,,,,,,,,,,,,,,,,,,,,
2804.0,26.0,31.0,3.4,,7.1,,6.8,7.9,75.0,55880.0,1.8,14.0,0.23,,3.82,,4.0,920.0,40.0,920.0,,,,,,,,,,,,,,,,,,,,,,,,,,,,,,,,,,,
2439.0,20.0,29.0,6.0,,8.1,,7.3,8.2,31390.0,49630.0,0.2,1.6,0.12,,0.39,,2.0,350.0,2.0,16000.0,,,,,,,,,,,,,,,,,,,,,,,,,,,,,,,,,,,
2440.0,20.0,32.0,5.8,,8.4,,7.1,8.2,32160.0,48750.0,0.3,1.4,0.14,,0.93,,2.0,2.0,2.0,140.0,,,,,,,,,,,,,,,,,,,,,,,,,,,,,,,,,,,
2441.0,11.0,26.0,6.5,,8.8,,7.3,8.2,32470.0,48246.0,0.2,2.5,0.19,,1.01,,2.0,330.0,2.0,790.0,,,,,,,,,,,,,,,,,,,,,,,,,,,,,,,,,,,
3961.0,21.0,33.0,3.8,,7.8,,6.8,8.1,896.0,25710.0,1.3,4.2,0.14,,2.28,,220.0,5400.0,230.0,9200.0,,,,,,,,,,,,,,,,,,,,,,,,,,,,,,,,,,,
4349.0,19.0,30.0,4.2,,7.0,,7.3,8.3,30100.0,62086.0,1.0,4.0,0.44,,2.88,,4.0,11.0,28.0,120.0,,,,,,,,,,,,,,,,,,,,,,,,,,,,,,,,,,,
4352.0,25.0,37.0,4.5,,7.2,,6.8,8.1,32100.0,67820.0,1.2,6.0,0.36,,1.85,,4.0,11.0,63.0,110.0,,,,,,,,,,,,,,,,,,,,,,,,,,,,,,,,,,,
4371.0,25.0,32.0,4.5,,8.6,,6.4,8.2,29000.0,56470.0,1.2,2.6,0.44,,1.18,,4.0,9.0,93.0,120.0,,,,,,,,,,,,,,,,,,,,,,,,,,,,,,,,,,,
4378.0,25.0,28.0,4.3,,5.7,,7.6,7.9,32850.0,56150.0,2.2,3.0,0.72,,2.06,,3.0,4.0,150.0,1600.0,,,,,,,,,,,,,,,,,,,,,,,,,,,,,,,,,,,
4383.0,20.0,25.0,3.9,,5.9,,7.4,8.5,14420.0,57900.0,2.2,24.0,0.46,,1.32,,3.0,4.0,120.0,1600.0,,,,,,,,,,,,,,,,,,,,,,,,,,,,,,,,,,,
4385.0,25.0,30.0,4.6,,6.0,,7.0,8.2,31200.0,52850.0,2.3,3.0,0.32,,0.82,,3.0,10.0,210.0,1600.0,,,,,,,,,,,,,,,,,,,,,,,,,,,,,,,,,,,
4386.0,23.0,30.0,4.3,,5.7,,7.1,8.3,28000.0,58900.0,2.2,3.8,0.36,,0.93,,3.0,4.0,150.0,1600.0,,,,,,,,,,,,,,,,,,,,,,,,,,,,,,,,,,,
4387.0,18.0,23.0,3.8,,6.0,,7.2,8.1,19000.0,52700.0,2.0,3.6,0.42,,0.97,,3.0,4.0,210.0,1600.0,,,,,,,,,,,,,,,,,,,,,,,,,,,,,,,,,,,
2805.0,24.0,35.0,3.2,,7.0,,6.7,8.0,99.0,60880.0,3.0,17.0,0.2,,4.5,,23.0,920.0,63.0,1600.0,,,,,,,,,,,,,,,,,,,,,,,,,,,,,,,,,,,
2806.0,24.0,35.0,,,4.9,,6.9,7.8,231.0,60750.0,7.0,50.0,0.6,,4.4,,33.0,920.0,140.0,920.0,,,,,,,,,,,,,,,,,,,,,,,,,,,,,,,,,,,
2807.0,22.0,36.0,,,6.5,,6.5,8.4,160.0,67400.0,4.0,470.0,0.8,,9.8,,21.0,79.0,70.0,350.0,,,,,,,,,,,,,,,,,,,,,,,,,,,,,,,,,,,
2808.0,25.0,32.0,3.1,,5.1,,6.6,7.7,609.0,66330.0,8.0,20.0,0.9,,2.2,,110.0,17000.0,430.0,54000.0,,,,,,,,,,,,,,,,,,,,,,,,,,,,,,,,,,,
2809.0,26.0,32.0,3.4,,5.4,,6.7,7.6,18470.0,66680.0,6.0,15.0,1.1,,1.6,,70.0,1600.0,350.0,1600.0,,,,,,,,,,,,,,,,,,,,,,,,,,,,,,,,,,,
2810.0,25.0,33.0,,,4.9,,6.9,7.7,15870.0,66460.0,9.0,16.0,0.9,,12.5,,49.0,1600.0,540.0,1600.0,,,,,,,,,,,,,,,,,,,,,,,,,,,,,,,,,,,
2811.0,26.0,33.0,,,6.4,,6.8,7.7,229.0,64680.0,4.0,45.0,0.4,,1.8,,49.0,1600.0,220.0,1600.0,,,,,,,,,,,,,,,,,,,,,,,,,,,,,,,,,,,
2812.0,24.0,39.0,3.8,,7.6,,6.2,8.2,180.0,65600.0,3.0,14.0,0.2,,1.6,,33.0,1600.0,110.0,1600.0,,,,,,,,,,,,,,,,,,,,,,,,,,,,,,,,,,,
2813.0,24.0,30.0,4.2,,7.1,,6.8,7.9,17780.0,59320.0,2.4,11.0,0.09,,3.89,,11.0,920.0,220.0,1600.0,,,,,,,,,,,,,,,,,,,,,,,,,,,,,,,,,,,
2814.0,24.0,30.0,4.0,,6.9,,7.1,7.9,17260.0,56120.0,2.2,14.0,0.06,,4.1,,14.0,84.0,210.0,920.0,,,,,,,,,,,,,,,,,,,,,,,,,,,,,,,,,,,
2815.0,24.0,30.0,4.3,,6.8,,6.9,8.1,334.0,57750.0,2.8,12.0,0.05,,3.2,,9.0,920.0,170.0,1600.0,,,,,,,,,,,,,,,,,,,,,,,,,,,,,,,,,,,
4361.0,27.0,34.0,5.4,,6.6,,6.8,8.2,300.0,50800.0,1.6,2.8,0.63,,2.47,,4.0,20.0,63.0,460.0,,,,,,,,,,,,,,,,,,,,,,,,,,,,,,,,,,,
4362.0,26.0,34.0,0.7,,5.8,,6.7,8.1,645.0,74900.0,,3.6,0.76,,4.19,,7.0,15.0,69.0,210.0,,,,,,,,,,,,,,,,,,,,,,,,,,,,,,,,,,,
4363.0,27.0,33.0,1.0,,7.5,,6.9,8.1,14310.0,61090.0,1.1,4.6,1.24,,3.1,,7.0,15.0,93.0,210.0,,,,,,,,,,,,,,,,,,,,,,,,,,,,,,,,,,,
2165.0,25.0,32.0,3.2,,5.0,,6.9,7.7,18250.0,65760.0,9.0,16.0,0.8,,4.0,,33.0,1600.0,540.0,1600.0,,,,,,,,,,,,,,,,,,,,,,,,,,,,,,,,,,,
2166.0,25.0,34.0,3.2,,4.9,,7.0,7.9,18290.0,66240.0,8.0,17.0,0.9,,1.7,,46.0,1600.0,210.0,1600.0,,,,,,,,,,,,,,,,,,,,,,,,,,,,,,,,,,,
2167.0,26.0,34.0,3.2,,4.8,,6.9,7.9,18500.0,66760.0,9.0,16.0,0.31,,2.0,,49.0,920.0,240.0,1600.0,,,,,,,,,,,,,,,,,,,,,,,,,,,,,,,,,,,
2169.0,24.0,39.0,3.8,,7.2,,6.4,8.2,182.0,65470.0,3.0,14.0,0.2,,1.5,,11.0,1600.0,40.0,1600.0,,,,,,,,,,,,,,,,,,,,,,,,,,,,,,,,,,,
3052.0,24.0,28.0,5.1,,6.0,,6.9,7.8,1507.0,2426.0,4.0,14.2,2.12,,8.4,,3.0,5.0,1300.0,2400.0,,,,,,,,,,,,,,,,,,,,,,,,,,,,,,,,,,,
3053.0,24.0,31.0,2.0,,5.3,,6.8,8.4,207.0,34896.0,2.0,4.6,0.49,,2.66,,7.0,45.0,93.0,2400.0,,,,,,,,,,,,,,,,,,,,,,,,,,,,,,,,,,,
3067.0,25.0,35.0,5.1,,7.5,,6.5,8.4,173.0,291.0,1.4,2.8,0.3,,4.45,,7.0,20.0,120.0,240.0,,,,,,,,,,,,,,,,,,,,,,,,,,,,,,,,,,,
4373.0,25.0,27.0,,,6.0,,6.8,8.1,695.0,25600.0,1.6,44.0,1.72,,7.19,,4.0,28.0,120.0,600.0,,,,,,,,,,,,,,,,,,,,,,,,,,,,,,,,,,,
2047.0,16.0,29.0,,,0.1,,7.3,7.8,499.0,865.0,,141.0,0.6,,8.0,,240.0,7900000.0,542.0,24000000.0,,,,,,,,,,,,,,,,,,,,,,,,,,,,,,,,,,,
2048.0,16.0,31.0,,,,,7.2,7.9,680.0,1196.0,58.0,341.0,0.68,,16.0,,172.0,130000000.0,220000.0,542000000.0,,,,,,,,,,,,,,,,,,,,,,,,,,,,,,,,,,,
2049.0,16.0,29.0,,,,,7.2,7.7,586.0,1251.0,71.0,230.0,2.1,,73.9,,7000.0,17200000.0,21000.0,54200000.0,,,,,,,,,,,,,,,,,,,,,,,,,,,,,,,,,,,
1377.0,10.0,10.0,,,,,4.0,4.0,,,,,,,,,2.0,2.0,2.0,2.0,,,,,,,,,,,,,,,,,,,,,,,,,,,,,,,,,,,
3861.0,10.0,28.0,6.5,,8.9,,6.9,8.2,388.0,550.0,0.5,1.5,0.07,,1.7,,14.0,26.0,33.0,120.0,,,,,,,,,,,,,,,,,,,,,,,,,,,,,,,,,,,
3865.0,14.0,32.0,5.0,,8.9,,6.7,8.2,288.0,568.0,0.4,1.4,0.02,,1.11,,17.0,22.0,31.0,58.0,,,,,,,,,,,,,,,,,,,,,,,,,,,,,,,,,,,
3875.0,23.0,23.0,5.3,,8.5,,7.0,8.1,177.0,855.0,0.3,12.0,0.11,,1.5,,17.0,40.0,32.0,430.0,,,,,,,,,,,,,,,,,,,,,,,,,,,,,,,,,,,
3879.0,20.0,28.0,5.1,,7.2,,6.9,8.3,638.0,5950.0,1.9,24.0,0.11,,3.82,,11.0,170.0,40.0,920.0,,,,,,,,,,,,,,,,,,,,,,,,,,,,,,,,,,,
3880.0,,,,,,,,,,,,,,,,,,,,,,,,,,,,,,,,,,,,,,,,,,,,,,,,,,,,,,,
3881.0,19.0,29.0,4.1,,8.4,,7.1,8.3,712.0,6220.0,2.0,110.0,0.11,,1.58,,13.0,194.0,70.0,920.0,,,,,,,,,,,,,,,,,,,,,,,,,,,,,,,,,,,
4029.0,13.0,25.0,5.9,,8.3,,6.7,8.3,271.0,671.0,0.3,2.0,0.1,,0.75,,14.0,32.0,38.0,140.0,,,,,,,,,,,,,,,,,,,,,,,,,,,,,,,,,,,
4034.0,3.0,12.0,8.0,,9.0,,7.2,7.9,120.0,385.0,0.1,0.3,0.16,,1.5,,2.0,4.0,34.0,110.0,,,,,,,,,,,,,,,,,,,,,,,,,,,,,,,,,,,
4035.0,3.0,12.0,8.0,,9.0,,7.1,7.9,133.0,392.0,0.1,0.5,0.16,,1.39,,2.0,4.0,47.0,110.0,,,,,,,,,,,,,,,,,,,,,,,,,,,,,,,,,,,
4425.0,6.0,18.0,7.0,,9.5,,7.4,8.4,101.0,8920.0,0.3,1.1,0.23,,1.65,,2.0,26.0,34.0,1600.0,,,,,,,,,,,,,,,,,,,,,,,,,,,,,,,,,,,
4430.0,9.0,28.0,5.2,,8.4,,7.0,8.3,288.0,3907.0,4.8,12.0,0.18,,7.39,,7.0,1600.0,540.0,1600.0,,,,,,,,,,,,,,,,,,,,,,,,,,,,,,,,,,,
4462.0,7.0,22.0,7.2,,9.1,,8.1,8.3,172.0,21590.0,0.3,0.9,0.39,,4.14,,2.0,14.0,21.0,48.0,,,,,,,,,,,,,,,,,,,,,,,,,,,,,,,,,,,
4463.0,7.0,21.0,7.7,,9.5,,7.9,8.3,85.0,36950.0,0.5,0.9,0.37,,0.52,,2.0,9.0,17.0,84.0,,,,,,,,,,,,,,,,,,,,,,,,,,,,,,,,,,,
4474.0,8.0,9.0,9.2,,9.6,,7.7,8.4,99.0,2537.0,0.3,0.6,0.19,,0.73,,9.0,82.0,63.0,150.0,,,,,,,,,,,,,,,,,,,,,,,,,,,,,,,,,,,
4475.0,8.0,10.0,9.0,,9.4,,7.3,8.5,119.0,1388.0,0.5,0.8,0.2,,0.55,,9.0,34.0,110.0,220.0,,,,,,,,,,,,,,,,,,,,,,,,,,,,,,,,,,,
4476.0,9.0,12.0,8.7,,12.0,,7.5,8.3,46.0,81.0,0.1,0.1,,,,,13.0,33.0,110.0,210.0,,,,,,,,,,,,,,,,,,,,,,,,,,,,,,,,,,,
4477.0,11.0,17.0,7.9,,11.4,,7.2,8.3,99.0,225.0,0.1,0.1,,,,,13.0,21.0,70.0,140.0,,,,,,,,,,,,,,,,,,,,,,,,,,,,,,,,,,,
4480.0,,,5.2,,5.5,,7.6,8.1,588.0,720.0,0.4,1.2,,,,,13.0,20.0,40.0,120.0,,,,,,,,,,,,,,,,,,,,,,,,,,,,,,,,,,,
4481.0,11.0,23.0,7.5,,8.1,,7.1,8.5,306.0,416.0,0.1,0.2,0.11,,0.32,,2.0,2.0,40.0,46.0,,,,,,,,,,,,,,,,,,,,,,,,,,,,,,,,,,,
4482.0,12.0,24.0,7.4,,8.2,,7.8,8.2,285.0,2860.0,0.1,0.1,0.09,,0.09,,2.0,2.0,38.0,43.0,,,,,,,,,,,,,,,,,,,,,,,,,,,,,,,,,,,
2763.0,19.0,24.0,4.2,,8.1,,7.5,8.4,192.0,1400.0,0.3,2.7,1.01,,13.0,,220.0,1000.0,900.0,1800.0,,,,,,,,,,,,,,,,,,,,,,,,,,,,,,,,,,,
2178.0,20.0,36.0,3.6,,6.1,,7.0,7.9,214.0,1254.0,3.0,28.0,0.7,,9.27,,4.0,17.0,210.0,540.0,,,,,,,,,,,,,,,,,,,,,,,,,,,,,,,,,,,
2782.0,24.0,37.0,,,5.7,,6.7,8.0,165.0,62120.0,5.0,210.0,0.3,,2.5,,70.0,1600.0,220.0,1600.0,,,,,,,,,,,,,,,,,,,,,,,,,,,,,,,,,,,
2783.0,24.0,37.0,,,7.0,,6.4,8.2,169.0,63040.0,4.0,150.0,0.8,,3.4,,84.0,1600.0,280.0,1600.0,,,,,,,,,,,,,,,,,,,,,,,,,,,,,,,,,,,
2784.0,24.0,32.0,,,7.2,,6.5,7.9,143.0,36300.0,3.0,160.0,0.4,,5.5,,33.0,1600.0,120.0,1600.0,,,,,,,,,,,,,,,,,,,,,,,,,,,,,,,,,,,
2785.0,22.0,37.0,,,6.2,,6.3,8.1,93.0,17720.0,4.0,1100.0,0.3,,28.7,,13.0,1600.0,47.0,1600.0,,,,,,,,,,,,,,,,,,,,,,,,,,,,,,,,,,,
2786.0,24.0,29.0,,,6.5,,6.5,7.2,94.0,10480.0,4.0,550.0,0.3,,17.1,,17.0,41.0,46.0,220.0,,,,,,,,,,,,,,,,,,,,,,,,,,,,,,,,,,,
2787.0,24.0,29.0,,,6.8,,6.6,7.1,95.0,5742.0,4.0,240.0,0.4,,7.5,,17.0,27.0,79.0,170.0,,,,,,,,,,,,,,,,,,,,,,,,,,,,,,,,,,,
2788.0,24.0,29.0,,,6.9,,6.7,7.9,95.0,7835.0,4.0,625.0,0.4,,12.0,,5.0,32.0,21.0,120.0,,,,,,,,,,,,,,,,,,,,,,,,,,,,,,,,,,,
2789.0,7.0,30.0,2.4,,7.7,,7.3,8.4,3.0,1426.0,1.1,8.0,,,30.0,,30.0,350.0,550.0,1800.0,,,,,,,,,,,,,,,,,,,,,,,,,,,,,,,,,,,
2790.0,24.0,30.0,3.7,,7.0,,6.6,7.9,146.0,56020.0,1.8,13.0,0.04,,0.8,,4.0,920.0,21.0,920.0,,,,,,,,,,,,,,,,,,,,,,,,,,,,,,,,,,,
3923.0,20.0,35.0,2.8,,8.0,,6.4,8.4,186.0,531.0,2.9,8.5,0.42,,14.99,,1100.0,160000.0,3500.0,160000.0,,,,,,,,,,,,,,,,,,,,,,,,,,,,,,,,,,,
3930.0,20.0,28.0,6.2,,9.2,,6.8,7.9,479.0,1408.0,0.4,1.9,0.16,,1.25,,20.0,1300.0,45.0,3500.0,,,,,,,,,,,,,,,,,,,,,,,,,,,,,,,,,,,
3934.0,16.0,29.0,6.2,,8.1,,6.9,8.1,153.0,598.0,0.9,1.6,0.13,,7.74,,45.0,1300.0,92.0,13000.0,,,,,,,,,,,,,,,,,,,,,,,,,,,,,,,,,,,
3939.0,14.0,26.0,5.8,,8.6,,6.5,7.7,88.0,235.0,0.5,1.8,0.11,,0.62,,68.0,2400.0,170.0,4900.0,,,,,,,,,,,,,,,,,,,,,,,,,,,,,,,,,,,
2906.0,12.0,26.0,,,,,7.0,7.6,3112.0,5425.0,93.0,240.0,0.93,,4.61,,9400.0,2800000.0,210000.0,4300000.0,,,,,,,,,,,,,,,,,,,,,,,,,,,,,,,,,,,
2907.0,13.0,30.0,,,,,7.0,7.9,776.0,1766.0,46.0,110.0,2.0,,5.2,,33000.0,170000.0,70000.0,210000.0,,,,,,,,,,,,,,,,,,,,,,,,,,,,,,,,,,,
4158.0,14.0,38.0,,,2.9,,7.2,8.1,582.0,2787.0,16.0,288.0,0.4,,1.23,,2700.0,13000.0,21000.0,43000.0,,,,,,,,,,,,,,,,,,,,,,,,,,,,,,,,,,,
10056.0,,,,,,,7.0,7.6,1743.0,3180.0,28.0,54.0,0.45,,4.05,,110.0,110.0,1400.0,71600.0,,,,,,,,,,,,,,,,,,,,,,,,,,,,,,,,,,,
3054.0,26.0,29.0,1.0,,4.7,,9.0,11.5,648.0,1390.0,3.0,36.0,0.48,,11.6,,2.0,2.0,17.0,110.0,,,,,,,,,,,,,,,,,,,,,,,,,,,,,,,,,,,
3055.0,23.0,30.0,0.1,,6.1,,6.9,7.8,897.0,1499.0,9.0,30.0,3.0,,76.0,,8.0,79.0,79.0,360.0,,,,,,,,,,,,,,,,,,,,,,,,,,,,,,,,,,,
3056.0,26.0,30.0,3.0,,5.7,,6.8,9.6,857.0,1284.0,5.0,44.0,0.48,,0.48,,2.0,23.0,32.0,1325.0,,,,,,,,,,,,,,,,,,,,,,,,,,,,,,,,,,,
3057.0,24.0,31.0,0.1,,6.1,,7.2,7.7,977.0,1251.0,7.0,17.0,,,,,5.0,33.0,49.0,1575.0,,,,,,,,,,,,,,,,,,,,,,,,,,,,,,,,,,,
3058.0,25.0,30.0,2.0,,5.0,,6.9,7.5,903.0,1220.0,9.0,24.0,,,,,8.0,23.0,33.0,1600.0,,,,,,,,,,,,,,,,,,,,,,,,,,,,,,,,,,,
3059.0,23.0,27.0,3.0,,6.4,,6.9,8.4,1098.0,1830.0,8.0,21.0,,,,,5.0,17.0,49.0,71600.0,,,,,,,,,,,,,,,,,,,,,,,,,,,,,,,,,,,
3060.0,4.0,29.0,0.8,,27.0,,7.2,7.8,889.0,1657.0,10.0,45.0,,,,,2.0,27.0,33.0,1600.0,,,,,,,,,,,,,,,,,,,,,,,,,,,,,,,,,,,
3061.0,4.0,28.0,4.0,,25.0,,7.4,7.9,849.0,1717.0,10.0,33.0,,,,,2.0,49.0,2.0,1600.0,,,,,,,,,,,,,,,,,,,,,,,,,,,,,,,,,,,
3062.0,4.0,29.0,1.5,,26.0,,7.4,7.9,1195.0,1649.0,8.0,18.0,,,,,2.0,23.0,5.0,1600.0,,,,,,,,,,,,,,,,,,,,,,,,,,,,,,,,,,,
3064.0,29.0,29.0,0.1,,1.0,,7.3,8.0,1254.0,1430.0,32.0,36.0,12.0,,12.0,,32.0,46.0,350.0,430.0,,,,,,,,,,,,,,,,,,,,,,,,,,,,,,,,,,,
3065.0,29.0,29.0,0.1,,0.1,,7.7,7.7,1390.0,1390.0,38.0,38.0,13.0,,13.0,,24.0,24.0,350.0,350.0,,,,,,,,,,,,,,,,,,,,,,,,,,,,,,,,,,,
3066.0,29.0,30.0,,,0.1,,7.0,7.8,1423.0,1662.0,30.0,32.0,13.0,,16.0,,23.0,34.0,350.0,350.0,,,,,,,,,,,,,,,,,,,,,,,,,,,,,,,,,,,
2908.0,11.0,32.0,,,,,7.1,8.0,774.0,1392.0,17.0,100.0,0.53,,2.4,,3800.0,49000.0,28000.0,110000.0,,,,,,,,,,,,,,,,,,,,,,,,,,,,,,,,,,,
2909.0,11.0,27.0,,,,,7.1,8.0,715.0,2337.0,23.0,123.0,0.62,,2.2,,4900.0,26000.0,24000.0,110000.0,,,,,,,,,,,,,,,,,,,,,,,,,,,,,,,,,,,
2910.0,13.0,30.0,,,,,6.7,7.8,1547.0,2850.0,154.0,298.0,2.4,,4.8,,63000.0,220000.0,150000.0,350000.0,,,,,,,,,,,,,,,,,,,,,,,,,,,,,,,,,,,
10047.0,35.0,35.0,3.2,,3.2,,7.3,7.4,2370.0,3260.0,21.0,24.0,3.05,,6.5,,2.0,3500.0,210.0,16000.0,,,,,,,,,,,,,,,,,,,,,,,,,,,,,,,,,,,
10048.0,32.0,36.0,,,3.4,,7.1,7.4,1186.0,3090.0,20.0,26.0,1.0,,9.3,,2.0,270.0,110.0,2200.0,,,,,,,,,,,,,,,,,,,,,,,,,,,,,,,,,,,
20004.0,25.0,30.0,2.1,,8.0,,6.7,8.1,,,8.0,27.0,,,,,11.0,21.0,150.0,1100.0,,,,,,,,,,,,,,,,,,,,,,,,,,,,,,,,,,,
20013.0,,,,,,,5.9,8.3,,,3.2,700.0,,,,,24000000.0,24000000.0,54000000.0,54000000.0,,,,,,,,,,,,,,,,,,,,,,,,,,,,,,,,,,,
20015.0,25.0,28.0,,,,,7.1,8.0,,,19.0,159.0,,,,,33.0,1600.0,350.0,1600.0,,,,,,,,,,,,,,,,,,,,,,,,,,,,,,,,,,,
20016.0,28.0,30.0,,,,,7.1,7.5,,,24.0,109.0,,,,,46.0,1600.0,350.0,1600.0,,,,,,,,,,,,,,,,,,,,,,,,,,,,,,,,,,,
20017.0,,,,,,,6.9,8.6,,,20.0,380.0,,,,,,,,,,,,,,,,,,,,,,,,,,,,,,,,,,,,,,,,,,,
20018.0,,,,,,,6.7,7.1,,,3.5,200.5,,,,,54000.0,160000.0,54000.0,160000.0,,,,,,,,,,,,,,,,,,,,,,,,,,,,,,,,,,,
20019.0,,,,,,,6.9,7.8,,,14.5,172.7,,,,,2.0,160000.0,2.0,160000.0,,,,,,,,,,,,,,,,,,,,,,,,,,,,,,,,,,,
20020.0,,,,,,,6.8,7.5,,,17.3,84.1,,,,,24000.0,160000.0,54000.0,160000.0,,,,,,,,,,,,,,,,,,,,,,,,,,,,,,,,,,,
20021.0,,,,,,,7.2,7.4,,,28.0,120.0,,,,,,,,,,,,,,,,,,,,,,,,,,,,,,,,,,,,,,,,,,,
20022.0,23.0,34.0,,,,,6.2,7.6,,,38.0,173.0,,,,,11000.0,11000.0,,,,,,,,,,,,,,,,,,,,,,,,,,,,,,,,,,,,,
20023.0,18.0,27.0,,,,,6.6,7.6,,,26.0,261.0,,,,,28000.0,28000.0,,,,,,,,,,,,,,,,,,,,,,,,,,,,,,,,,,,,,
20024.0,24.0,34.0,,,,,6.8,7.7,,,75.0,243.0,,,,,,,,,,,,,,,,,,,,,,,,,,,,,,,,,,,,,,,,,,,
20025.0,,,,,,,6.8,7.9,,,26.0,114.0,,,,,,,,,,,,,,,,,,,,,,,,,,,,,,,,,,,,,,,,,,,
20026.0,,,,,,,7.8,8.9,,,26.0,83.0,,,,,,,,,,,,,,,,,,,,,,,,,,,,,,,,,,,,,,,,,,,
20027.0,,,,,,,6.8,8.1,,,34.0,118.0,,,,,,,,,,,,,,,,,,,,,,,,,,,,,,,,,,,,,,,,,,,
20028.0,,,,,,,7.1,7.9,,,26.0,98.0,,,,,,,,,,,,,,,,,,,,,,,,,,,,,,,,,,,,,,,,,,,
20032.0,28.0,33.0,5.3,,5.5,,7.2,8.7,2240.0,2520.0,5.0,10.0,0.55,,0.95,,2.0,2.0,2.0,140.0,,,,,,,,,,,,,,,,,,,,,,,,,,,,,,,,,,,
20033.0,30.0,33.0,,,,,7.1,7.4,1641.0,1696.0,10.0,27.0,,,,,2.0,270.0,460.0,1700.0,,,,,,,,,,,,,,,,,,,,,,,,,,,,,,,,,,,
20034.0,26.0,36.0,5.5,,5.5,,7.4,7.7,334.0,334.0,5.0,15.0,3.05,,3.05,,2.0,260.0,140.0,2200.0,,,,,,,,,,,,,,,,,,,,,,,,,,,,,,,,,,,
20035.0,26.0,33.0,1.8,,1.8,,7.4,7.7,2270.0,2270.0,5.0,13.0,1.05,,1.05,,2.0,330.0,200.0,2400.0,,,,,,,,,,,,,,,,,,,,,,,,,,,,,,,,,,,
20038.0,29.0,29.0,,,,,7.1,7.8,1496.0,1496.0,0.9,83.0,3.81,,3.81,,27.0,630.0,79.0,1700.0,,,,,,,,,,,,,,,,,,,,,,,,,,,,,,,,,,,
20040.0,30.0,30.0,,,,,7.3,7.5,1218.0,1249.0,33.0,50.0,3.13,,9.0,,610.0,630.0,1500.0,1700.0,,,,,,,,,,,,,,,,,,,,,,,,,,,,,,,,,,,
20041.0,,,,,,,7.6,7.6,,,6.0,24.0,,,,,170.0,2200.0,350.0,4100.0,,,,,,,,,,,,,,,,,,,,,,,,,,,,,,,,,,,
20043.0,30.0,30.0,,,,,7.3,7.5,1218.0,1249.0,33.0,50.0,3.11,,8.8,,610.0,630.0,1500.0,1700.0,,,,,,,,,,,,,,,,,,,,,,,,,,,,,,,,,,,
20044.0,30.0,30.0,,,,,6.7,6.9,1332.0,1349.0,70.0,70.0,0.76,,2.0,,1200.0,1700.0,2800.0,3200.0,,,,,,,,,,,,,,,,,,,,,,,,,,,,,,,,,,,
20045.0,26.0,26.0,,,,,6.8,6.8,1048.0,1048.0,2.5,2.5,0.4,,0.4,,1700.0,1700.0,7000.0,7000.0,,,,,,,,,,,,,,,,,,,,,,,,,,,,,,,,,,,
20047.0,30.0,32.0,,,,,6.9,7.1,1383.0,1414.0,75.0,80.0,1.95,,8.2,,1100.0,1400.0,2600.0,3400.0,,,,,,,,,,,,,,,,,,,,,,,,,,,,,,,,,,,
20048.0,19.0,21.0,9.2,,10.2,,7.9,8.1,105.0,292.0,1.0,1.0,,,,,40.0,60.0,110.0,170.0,,,,,,,,,,,,,,,,,,,,,,,,,,,,,,,,,,,
20049.0,19.0,28.0,8.8,,10.2,,7.8,8.4,272.0,390.0,1.0,1.0,,,,,40.0,70.0,90.0,170.0,,,,,,,,,,,,,,,,,,,,,,,,,,,,,,,,,,,
3041.0,,,8.6,,8.6,,7.8,8.0,351.0,527.0,1.2,1.2,0.04,,7.38,,1300.0,1700.0,2400.0,2800.0,,,,,,,,,,,,,,,,,,,,,,,,,,,,,,,,,,,
3042.0,,,9.8,,9.8,,7.7,7.8,149.0,225.0,,,,,1.9,,230.0,7000.0,1100.0,7900.0,,,,,,,,,,,,,,,,,,,,,,,,,,,,,,,,,,,
3043.0,,,8.6,,8.6,,7.8,8.0,351.0,527.0,1.2,1.2,0.04,,7.38,,1300.0,1700.0,2400.0,2800.0,,,,,,,,,,,,,,,,,,,,,,,,,,,,,,,,,,,
3044.0,,,7.8,,7.8,,7.4,7.6,189.0,280.0,,1.7,1.91,,1.91,,170.0,3500.0,2200.0,5400.0,,,,,,,,,,,,,,,,,,,,,,,,,,,,,,,,,,,
3045.0,,,10.2,,10.2,,7.6,7.6,239.0,239.0,1.1,1.1,5.12,,5.12,,35000.0,35000.0,35000.0,35000.0,,,,,,,,,,,,,,,,,,,,,,,,,,,,,,,,,,,
3046.0,,,7.9,,7.9,,7.2,7.7,186.0,333.0,2.5,2.5,,,1.41,,14.0,16000.0,25.0,16000.0,,,,,,,,,,,,,,,,,,,,,,,,,,,,,,,,,,,
3047.0,,,,,,,7.1,7.5,209.0,322.0,1.8,3.2,0.41,,0.71,,170.0,2800.0,330.0,16000.0,,,,,,,,,,,,,,,,,,,,,,,,,,,,,,,,,,,
3050.0,,,,,,,7.1,7.5,164.0,751.0,,,0.4,,2.1,,2.0,3300.0,2.0,4900.0,,,,,,,,,,,,,,,,,,,,,,,,,,,,,,,,,,,
1.0,,25.0,27.0,4.8,,5.8,,1289.0,2100.0,6.8,7.7,3.4,12.8,2.5,10.5,3.0,3.0,1100.0,2400.0,,,,,,,,,,,,,,,,,,,,,,,,,,,,,,,,,,,,
2.0,,26.0,29.0,1.2,,6.0,,940.0,23460.0,6.8,8.1,2.9,11.2,0.93,2.41,15.0,28.0,210.0,1100.0,,,,,,,,,,,,,,,,,,,,,,,,,,,,,,,,,,,,
3.0,,24.0,31.0,4.6,,8.0,,180.0,395.0,7.2,8.2,1.2,2.7,,2.99,9.0,21.0,120.0,240.0,,,,,,,,,,,,,,,,,,,,,,,,,,,,,,,,,,,,
4.0,,24.0,27.0,,,7.0,,288.0,762.0,6.9,8.0,1.5,4.2,0.57,7.6,3.0,11.0,43.0,150.0,,,,,,,,,,,,,,,,,,,,,,,,,,,,,,,,,,,,
5.0,,23.0,27.0,,,6.8,,452.0,5490.0,6.8,7.9,2.6,10.6,0.97,5.88,15.0,23.0,240.0,460.0,,,,,,,,,,,,,,,,,,,,,,,,,,,,,,,,,,,,
6.0,,18.2,29.0,,,0.6,,556.0,667.0,6.8,7.5,33.0,210.0,1.5,4.2,,3200000.0,2.21,17500000.0,,,,,,,,,,,,,,,,,,,,,,,,,,,,,,,,,,,,
7.0,,17.3,31.0,,,,,848.0,1043.0,7.1,7.8,31.0,303.0,3.3,12.0,3.4,17500000.0,,34500000.0,,,,,,,,,,,,,,,,,,,,,,,,,,,,,,,,,,,,
8.0,,16.5,29.0,0.5,,1.0,,781.0,1099.0,7.1,7.5,113.0,202.0,0.76,4.7,2.2,7000000.0,1.41,22100000.0,,,,,,,,,,,,,,,,,,,,,,,,,,,,,,,,,,,,
9.0,,7.8,7.8,1.4,,8.2,,1170.0,4970.0,7.8,8.9,7.0,72.0,0.76,34.0,3600.0,180000.0,18000.0,470000.0,,,,,,,,,,,,,,,,,,,,,,,,,,,,,,,,,,,,
10.0,,21.0,30.0,6.2,,9.0,,335.0,711.0,7.0,7.8,,2.4,,0.96,10.0,70.0,34.0,170.0,,,,,,,,,,,,,,,,,,,,,,,,,,,,,,,,,,,,
11.0,,20.0,26.0,5.0,,6.2,,399.0,1621.0,6.9,7.8,,8.0,,1.27,17.0,920.0,43.0,3200.0,,,,,,,,,,,,,,,,,,,,,,,,,,,,,,,,,,,,
12.0,,21.0,28.0,6.5,,7.5,,264.0,772.0,6.9,8.1,,,,1.07,11.0,46.0,38.0,120.0,,,,,,,,,,,,,,,,,,,,,,,,,,,,,,,,,,,,
13.0,,5.0,18.0,8.7,,10.7,,119.0,187.0,7.0,7.9,,,0.38,0.71,23.0,63.0,94.0,220.0,,,,,,,,,,,,,,,,,,,,,,,,,,,,,,,,,,,,
14.0,,3.0,11.0,8.7,,11.2,,39.0,110.0,6.9,8.1,,,0.6,0.72,21.0,58.0,120.0,220.0,,,,,,,,,,,,,,,,,,,,,,,,,,,,,,,,,,,,
15.0,,17.0,20.0,5.2,,8.3,,521.0,867.0,6.4,8.6,,2.2,,,6.0,17.0,22.0,130.0,,,,,,,,,,,,,,,,,,,,,,,,,,,,,,,,,,,,
16.0,,22.0,35.0,1.0,,5.0,,1619.0,6030.0,6.6,8.0,1.2,48.0,,,7.0,120.0,26.0,540.0,,,,,,,,,,,,,,,,,,,,,,,,,,,,,,,,,,,,
18.0,,25.0,35.0,0.5,,4.5,,409.0,5940.0,6.8,8.1,1.4,58.0,,,13.0,110.0,39.0,430.0,,,,,,,,,,,,,,,,,,,,,,,,,,,,,,,,,,,,
19.0,,18.0,25.0,6.8,,8.0,,368.0,631.0,6.8,7.8,,1.7,,1.39,11.0,46.0,38.0,150.0,,,,,,,,,,,,,,,,,,,,,,,,,,,,,,,,,,,,
20.0,,3.0,18.0,8.3,,9.1,,204.0,393.0,7.1,7.9,,,,0.79,2.0,2.0,17.0,46.0,,,,,,,,,,,,,,,,,,,,,,,,,,,,,,,,,,,,
21.0,,3.0,18.0,8.3,,9.0,,150.0,399.0,7.2,8.0,,,,1.35,2.0,2.0,24.0,48.0,,,,,,,,,,,,,,,,,,,,,,,,,,,,,,,,,,,,
22.0,,8.5,17.0,7.9,,9.8,,108.0,1858.0,7.5,8.3,,2.3,,1.1,2.0,23.0,6.0,540.0,,,,,,,,,,,,,,,,,,,,,,,,,,,,,,,,,,,,
23.0,,10.2,27.0,6.0,,8.7,,378.0,5751.0,7.0,8.1,2.4,87.5,1.61,8.26,110.0,1600.0,1600.0,1600.0,,,,,,,,,,,,,,,,,,,,,,,,,,,,,,,,,,,,
24.0,,3.0,16.0,8.2,,9.2,,103.0,194.0,7.3,8.0,,,,1.2,2.0,2.0,14.0,46.0,,,,,,,,,,,,,,,,,,,,,,,,,,,,,,,,,,,,
25.0,,3.0,16.0,8.3,,9.2,,115.0,409.0,6.9,8.1,,,,0.65,2.0,2.0,17.0,58.0,,,,,,,,,,,,,,,,,,,,,,,,,,,,,,,,,,,,
26.0,,11.0,29.0,7.6,,9.2,,305.0,4104.0,7.6,8.7,,,0.44,2.4,2.0,70.0,23.0,430.0,,,,,,,,,,,,,,,,,,,,,,,,,,,,,,,,,,,,
27.0,,10.0,29.0,7.5,,9.5,,483.0,7491.0,7.9,8.6,,1.2,,0.93,4.0,79.0,24.0,920.0,,,,,,,,,,,,,,,,,,,,,,,,,,,,,,,,,,,,
28.0,,3.0,11.0,8.9,,9.3,,102.0,200.0,7.8,8.0,,,,1.11,2.0,2.0,27.0,48.0,,,,,,,,,,,,,,,,,,,,,,,,,,,,,,,,,,,,
29.0,,6.0,12.0,9.3,,10.0,,167.0,6834.0,7.4,8.3,,,,0.72,4.0,49.0,13.0,540.0,,,,,,,,,,,,,,,,,,,,,,,,,,,,,,,,,,,,
30.0,,6.0,12.0,9.2,,9.8,,109.0,6679.0,7.5,8.4,,,,0.95,6.0,94.0,110.0,920.0,,,,,,,,,,,,,,,,,,,,,,,,,,,,,,,,,,,,
31.0,,2.0,11.0,8.8,,11.3,,30.0,67.0,6.6,8.3,,,,0.89,11.0,39.0,49.0,140.0,,,,,,,,,,,,,,,,,,,,,,,,,,,,,,,,,,,,
32.0,,5.0,19.0,8.3,,11.1,,146.0,228.0,7.7,8.1,,,,1.7,17.0,38.0,94.0,150.0,,,,,,,,,,,,,,,,,,,,,,,,,,,,,,,,,,,,
33.0,,17.0,20.0,5.3,,8.2,,304.0,870.0,6.8,8.7,,1.6,,,4.0,14.0,24.0,49.0,,,,,,,,,,,,,,,,,,,,,,,,,,,,,,,,,,,,
34.0,,14.0,28.0,7.7,,9.5,,223.0,419.0,7.6,8.4,,,,0.56,2.0,2.0,11.0,39.0,,,,,,,,,,,,,,,,,,,,,,,,,,,,,,,,,,,,
35.0,,14.1,27.0,7.5,,9.5,,215.0,412.0,7.7,8.3,,,,0.82,2.0,2.0,12.0,47.0,,,,,,,,,,,,,,,,,,,,,,,,,,,,,,,,,,,,
36.0,,22.0,22.0,6.2,,6.2,,339.0,339.0,8.1,8.1,1.8,1.8,0.86,0.86,,,,,,,,,,,,,,,,,,,,,,,,,,,,,,,,,,,,,,,,
37.0,,19.0,21.0,4.7,,8.7,,268.0,1380.0,7.3,8.8,,2.7,0.98,3.28,300.0,920.0,900.0,1600.0,,,,,,,,,,,,,,,,,,,,,,,,,,,,,,,,,,,,
38.0,,21.0,32.0,2.3,,5.8,,222.0,698.0,6.6,8.2,2.9,10.0,0.49,10.23,170.0,35000.0,220.0,92000.0,,,,,,,,,,,,,,,,,,,,,,,,,,,,,,,,,,,,
39.0,,21.0,28.0,6.0,,8.8,,319.0,980.0,6.9,8.2,,1.6,0.32,1.981,170.0,1700.0,490.0,3500.0,,,,,,,,,,,,,,,,,,,,,,,,,,,,,,,,,,,,
40.0,,22.0,26.0,6.4,,7.6,,77.0,586.0,6.7,7.9,,1.6,0.32,13.8,20.0,490.0,49.0,4900.0,,,,,,,,,,,,,,,,,,,,,,,,,,,,,,,,,,,,
41.0,,15.0,25.0,4.9,,8.2,,88.0,221.0,6.8,7.9,,1.6,,1.242,110.0,3300.0,490.0,4900.0,,,,,,,,,,,,,,,,,,,,,,,,,,,,,,,,,,,,
42.0,,10.0,33.0,,,,,3390.0,7025.0,7.0,8.0,115.0,262.0,3.7,7.2,94000.0,220000.0,280000.0,540000.0,,,,,,,,,,,,,,,,,,,,,,,,,,,,,,,,,,,,
43.0,,15.0,33.0,,,,,1020.0,1680.0,7.3,7.9,48.0,153.0,1.3,4.2,17000.0,94000.0,70000.0,350000.0,,,,,,,,,,,,,,,,,,,,,,,,,,,,,,,,,,,,
44.0,,15.0,29.0,,,,,221.0,2180.0,6.6,7.3,105.0,195.0,2.7,11.6,240000.0,3500000.0,940000.0,16000000.0,,,,,,,,,,,,,,,,,,,,,,,,,,,,,,,,,,,,
45.0,,14.0,30.0,1.2,,2.5,,708.0,1224.0,7.1,7.8,22.0,48.0,0.8,4.0,3200.0,7000.0,22000.0,46000.0,,,,,,,,,,,,,,,,,,,,,,,,,,,,,,,,,,,,
46.0,,27.0,33.0,,,1.0,,1917.0,3130.0,6.8,7.5,11.0,104.0,,3.02,40.0,1100.0,220.0,3500.0,,,,,,,,,,,,,,,,,,,,,,,,,,,,,,,,,,,,
47.0,,27.0,32.0,,,1.2,,1783.0,2750.0,6.9,8.0,8.0,48.0,,2.12,68.0,1700.0,210.0,9200.0,,,,,,,,,,,,,,,,,,,,,,,,,,,,,,,,,,,,
48.0,,26.0,32.0,,,,,1739.0,3230.0,7.1,7.8,11.0,147.0,,1.52,45.0,490.0,230.0,1300.0,,,,,,,,,,,,,,,,,,,,,,,,,,,,,,,,,,,,
49.0,,29.0,30.0,,,1.2,,1223.0,1352.0,7.1,8.0,4.0,14.0,,1.7,78.0,330.0,490.0,840.0,,,,,,,,,,,,,,,,,,,,,,,,,,,,,,,,,,,,
50.0,,26.0,30.0,1.5,,1.5,,1318.0,1879.0,6.6,8.0,12.0,59.0,0.32,2.01,45.0,1100.0,330.0,2800.0,,,,,,,,,,,,,,,,,,,,,,,,,,,,,,,,,,,,
51.0,,27.0,31.0,1.8,,5.8,,850.0,2001.0,8.98,11.0,2.1,4.0,,3.2,,22.0,4.0,70.0,,,,,,,,,,,,,,,,,,,,,,,,,,,,,,,,,,,,
52.0,,27.0,29.0,3.2,,5.5,,1032.0,1489.0,6.8,8.1,8.0,29.0,,,13.0,920.0,33.0,1600.0,,,,,,,,,,,,,,,,,,,,,,,,,,,,,,,,,,,,
53.0,,27.0,28.0,2.3,,5.6,,1140.0,1915.0,7.1,8.0,8.0,29.0,,,2.0,79.0,23.0,240.0,,,,,,,,,,,,,,,,,,,,,,,,,,,,,,,,,,,,
54.0,,27.0,29.0,3.4,,6.3,,738.0,1245.0,6.8,8.1,11.0,25.0,,,5.0,79.0,22.0,540.0,,,,,,,,,,,,,,,,,,,,,,,,,,,,,,,,,,,,
55.0,,27.0,29.0,2.0,,5.0,,836.0,1200.0,7.2,8.0,6.0,30.0,,,5.0,540.0,5.0,1600.0,,,,,,,,,,,,,,,,,,,,,,,,,,,,,,,,,,,,
56.0,,27.0,30.0,3.2,,6.7,,1292.0,1805.0,7.2,8.3,6.0,32.0,,,5.0,130.0,8.0,350.0,,,,,,,,,,,,,,,,,,,,,,,,,,,,,,,,,,,,
57.0,,27.0,29.0,4.1,,7.4,,780.0,1574.0,6.8,8.5,4.0,32.0,,,2.0,100.0,2.0,280.0,,,,,,,,,,,,,,,,,,,,,,,,,,,,,,,,,,,,
58.0,,27.0,29.0,3.9,,7.3,,1154.0,1748.0,7.3,8.4,7.0,25.0,,,8.0,1600.0,33.0,240.0,,,,,,,,,,,,,,,,,,,,,,,,,,,,,,,,,,,,
59.0,,27.0,29.0,2.6,,5.0,,1151.0,1530.0,6.9,8.1,8.0,26.0,,,8.0,1600.0,33.0,280.0,,,,,,,,,,,,,,,,,,,,,,,,,,,,,,,,,,,,
1.0,,,,,,,,,6.5,7.5,,,5.8,62.0,,,,,11.0,46.0,240.0,1100.0,,,,,,,,,,,,,,,,,,,,,,,,,,,,,,,,,
2.0,,,27.0,30.0,,,,,5.4,7.4,,,78.6,456.1,,,,,2200000.0,35000000.0,5400000.0,,,,,,,,,,,,,,,,,,,,,,,,,,,,,,,,,,
3.0,,,26.0,27.0,,,,,7.2,8.2,,,17.0,55.0,,,,,94.0,1600.0,540.0,1600.0,,,,,,,,,,,,,,,,,,,,,,,,,,,,,,,,,
4.0,,,26.0,27.0,,,,,7.0,8.2,,,11.0,69.0,,,,,79.0,1600.0,430.0,1700.0,,,,,,,,,,,,,,,,,,,,,,,,,,,,,,,,,
5.0,,,,,,,,,8.5,8.5,,,200.0,200.0,,,,,,,,,,,,,,,,,,,,,,,,,,,,,,,,,,,,,,,,,
6.0,,,27.0,33.0,,,,,6.8,8.2,,,5.5,25.7,,,,,170.0,92000.0,170.0,160000.0,,,,,,,,,,,,,,,,,,,,,,,,,,,,,,,,,
7.0,,,23.0,30.0,,,,,6.6,7.4,,,31.2,110.0,,,,,7900.0,160000.0,24000.0,160000.0,,,,,,,,,,,,,,,,,,,,,,,,,,,,,,,,,
8.0,,,,,,,,,6.7,7.6,,,22.0,50.0,,,,,330.0,3500000.0,,,,,,,,,,,,,,,,,,,,,,,,,,,,,,,,,,,
9.0,,,,,,,,,6.0,7.4,,,30.0,340.0,,,,,130.0,35000000.0,,,,,,,,,,,,,,,,,,,,,,,,,,,,,,,,,,,
10.0,,,,,,,,,6.7,7.8,,,16.0,220.0,,,,,2100.0,16000000.0,,,,,,,,,,,,,,,,,,,,,,,,,,,,,,,,,,,
11.0,,,,,,,,,7.1,7.6,,,21.0,25.0,,,,,,,93.0,1700.0,,,,,,,,,,,,,,,,,,,,,,,,,,,,,,,,,
12.0,,,,,,,,,7.2,7.9,,,18.0,40.0,,,,,,,1400.0,2600.0,,,,,,,,,,,,,,,,,,,,,,,,,,,,,,,,,
13.0,,,,,,,,,7.3,7.3,,,20.0,20.0,,,,,,,1700.0,1700.0,,,,,,,,,,,,,,,,,,,,,,,,,,,,,,,,,
14.0,,,,,,,,,7.0,7.3,,,18.0,44.0,,,,,,,610.0,1500.0,,,,,,,,,,,,,,,,,,,,,,,,,,,,,,,,,
15.0,,,26.0,30.0,,,,,7.2,9.3,,,5.0,13.0,,,,,2.0,92.0,2.0,940.0,,,,,,,,,,,,,,,,,,,,,,,,,,,,,,,,,
16.0,,,31.0,31.0,,,,,6.8,7.5,,,9.0,22.0,,,,,20.0,210.0,200.0,1100.0,,,,,,,,,,,,,,,,,,,,,,,,,,,,,,,,,
17.0,,,26.0,30.0,,,,,6.8,11.0,,,4.0,12.0,,,,,2.0,120.0,20.0,940.0,,,,,,,,,,,,,,,,,,,,,,,,,,,,,,,,,
18.0,,,26.0,32.0,1.0,,1.0,,6.8,8.6,,,5.0,11.0,,,,,2.0,68.0,92.0,700.0,,,,,,,,,,,,,,,,,,,,,,,,,,,,,,,,,
19.0,,,28.0,33.0,5.3,,5.3,,6.9,7.7,1245.0,1699.0,13.0,70.0,0.062,,1.1,,170.0,4300.0,320.0,8400.0,,,,,,,,,,,,,,,,,,,,,,,,,,,,,,,,,
20.0,,,28.0,32.0,4.6,,4.6,,7.3,7.8,1339.0,1772.0,5.0,180.0,0.071,,6.061,,26.0,3100.0,94.0,8400.0,,,,,,,,,,,,,,,,,,,,,,,,,,,,,,,,,
21.0,,,26.0,36.0,1.2,,4.0,,7.2,8.0,1767.0,2390.0,5.0,55.0,0.7,,2.76,,70.0,4600.0,170.0,8400.0,,,,,,,,,,,,,,,,,,,,,,,,,,,,,,,,,
22.0,,,23.0,27.0,2.4,,6.1,,7.3,8.6,400.0,6530.0,3.0,62.0,0.36,,22.53,,14.0,2500.0,32.0,5800.0,,,,,,,,,,,,,,,,,,,,,,,,,,,,,,,,,
23.0,,,29.0,35.0,1.6,,4.3,,7.1,8.2,1070.0,1531.0,7.5,68.0,,,0.981,,330.0,2600.0,790.0,4800.0,,,,,,,,,,,,,,,,,,,,,,,,,,,,,,,,,
24.0,,,28.0,32.0,0.8,,4.2,,6.7,7.3,806.0,1575.0,3.6,90.0,,,0.53,,260.0,4300.0,630.0,9400.0,,,,,,,,,,,,,,,,,,,,,,,,,,,,,,,,,
25.0,,,25.0,30.0,3.0,,6.0,,6.5,7.8,855.0,1286.0,8.1,36.0,,,3.66,,1300.0,21000.0,4600.0,63000.0,,,,,,,,,,,,,,,,,,,,,,,,,,,,,,,,,
26.0,,,27.0,34.0,2.2,,4.6,,7.0,7.8,1437.0,1634.0,5.0,98.0,,,0.95,,1700.0,2500.0,3200.0,5800.0,,,,,,,,,,,,,,,,,,,,,,,,,,,,,,,,,
27.0,,,16.0,27.0,8.4,,10.0,,7.1,8.2,98.0,686.0,,1.2,1.35,,4.23,,14.0,40.0,30.0,110.0,,,,,,,,,,,,,,,,,,,,,,,,,,,,,,,,,
29.0,,,16.0,29.0,8.0,,10.8,,7.0,8.4,155.0,853.0,,1.4,0.49,,1.64,,17.0,34.0,38.0,80.0,,,,,,,,,,,,,,,,,,,,,,,,,,,,,,,,,
31.0,,,17.0,26.0,8.4,,11.6,,7.5,8.4,97.0,277.0,,2.0,,,0.48,,30.0,90.0,70.0,140.0,,,,,,,,,,,,,,,,,,,,,,,,,,,,,,,,,
1.0,,,,,,8.2,8.2,482.0,482.0,2.3,2.3,6.06,,6.06,,680.0,680.0,7900.0,7900.0,,,,,,,,,,,,,,,,,,,,,,,,,,,,,,,,,,,,
2.0,,,,,,8.1,8.1,488.0,488.0,2.5,2.5,6.06,,6.06,,93.0,93.0,5400.0,5400.0,,,,,,,,,,,,,,,,,,,,,,,,,,,,,,,,,,,,
3.0,,,,,,7.5,7.5,290.0,290.0,1.0,1.0,1.0,,1.0,,2.0,2.0,2.0,2.0,,,,,,,,,,,,,,,,,,,,,,,,,,,,,,,,,,,,
4.0,,,,,,7.9,7.9,265.0,265.0,1.5,1.5,0.62,,0.62,,170.0,170.0,1300.0,1300.0,,,,,,,,,,,,,,,,,,,,,,,,,,,,,,,,,,,,
5.0,,4.0,13.0,4.1,6.6,7.0,7.7,218.0,1780.0,,,,,3.2,,,,1800.0,1800.0,,,,,,,,,,,,,,,,,,,,,,,,,,,,,,,,,,,,
6.0,,,,4.6,6.8,7.1,7.3,560.0,580.0,2.0,4.0,,,,,,,,,,,,,,,,,,,,,,,,,,,,,,,,,,,,,,,,,,,,
7.0,,3.0,18.0,6.0,6.6,7.0,7.3,530.0,2140.0,,,,,3.6,,,,,,,,,,,,,,,,,,,,,,,,,,,,,,,,,,,,,,,,,
4369.0,22.0,,,29.0,,,5.0,,,8.0,,,254.0,,,645.0,,,7.3,,,7.9,,,1.0,,,2.5,,,0.5,,,2.7,,,3.0,,,9.0,,,64.0,,,120.0,,,,,,,,,
4373.0,24.0,,,30.0,,,0.3,,,6.2,,,612.0,,,3850.0,,,7.0,,,7.7,,,1.9,,,12.2,,,1.0,,,3.1,,,11.0,,,21.0,,,150.0,,,240.0,,,,,,,,,
3052.0,24.0,,,27.0,,,5.1,,,5.9,,,1458.0,,,2100.0,,,6.9,,,7.9,,,4.4,,,10.8,,,2.8,,,4.6,,,3.0,,,3.0,,,1100.0,,,1100.0,,,,,,,,,
3067.0,24.0,,,31.0,,,6.0,,,7.6,,,156.0,,,346.0,,,6.7,,,7.8,,,1.6,,,2.4,,,0.5,,,2.7,,,9.0,,,15.0,,,150.0,,,210.0,,,,,,,,,
3053.0,25.0,,,30.0,,,1.5,,,5.0,,,785.0,,,21420.0,,,6.6,,,7.7,,,3.5,,,8.4,,,1.3,,,3.7,,,15.0,,,28.0,,,210.0,,,1100.0,,,,,,,,,
2047.0,16.0,,,32.0,,,0.3,,,9.1,,,460.0,,,669.0,,,6.9,,,7.8,,,2.1,,,185.0,,,0.5,,,2.2,,,2700.0,,,6900000.0,,,17200.0,,,76000000.0,,,,,,,,,
2048.0,16.0,,,33.0,,,0.3,,,0.3,,,828.0,,,1099.0,,,7.5,,,8.0,,,36.0,,,421.0,,,0.7,,,9.3,,,1100000.0,,,10900000.0,,,4500000.0,,,76000000.0,,,,,,,,,
2049.0,16.0,,,32.0,,,0.1,,,2.6,,,495.0,,,1074.0,,,7.2,,,7.8,,,76.0,,,255.0,,,0.6,,,13.4,,,2200000.0,,,27000000.0,,,7000000.0,,,220000000.0,,,,,,,,,
5268.0,,,,,,,,,,,,,,,,,,,7.2,,,7.7,,,42.0,,,73.0,,,,,,,,,,,,,,,,,,,,,,,,,,,
1505.0,,,,,,,,,,,,,,,,,,,7.0,,,7.8,,,26.0,,,93.0,,,,,,,,,,,,,,,,,,,,,,,,,,,
1502.0,,,,,,,,,,,,,,,,,,,6.9,,,7.6,,,20.0,,,66.0,,,,,,,,,,,,,,,,,,,,,,,,,,,
5274.0,,,,,,,,,,,,,,,,,,,7.5,,,7.5,,,66.0,,,66.0,,,,,,,,,,,,,,,,,,,,,,,,,,,
5267.0,,,,,,,,,,,,,,,,,,,7.0,,,7.6,,,32.0,,,77.0,,,,,,,,,,,,,,,,,,,,,,,,,,,
5263.0,,,,,,,,,,,,,,,,,,,7.3,,,7.4,,,24.0,,,70.0,,,,,,,,,,,,,,,,,,,,,,,,,,,
5269.0,,,,,,,,,,,,,,,,,,,7.4,,,8.0,,,37.0,,,82.0,,,,,,,,,,,,,,,,,,,,,,,,,,,
5266.0,,,,,,,,,,,,,,,,,,,7.1,,,7.3,,,43.0,,,123.0,,,,,,,,,,,,,,,,,,,,,,,,,,,
5261.0,,,,,,,,,,,,,,,,,,,6.4,,,7.5,,,30.0,,,44.0,,,,,,,,,,,,,,,,,,,,,,,,,,,
5259.0,,,,,,,,,,,,,,,,,,,6.8,,,7.5,,,40.0,,,50.0,,,,,,,,,,,,,,,,,,,,,,,,,,,
1857.0,,,,,,,,,,,,,,,,,,,7.1,,,7.8,,,34.0,,,74.0,,,,,,,,,,,,,,,,,,,,,,,,,,,
5262.0,,,,,,,,,,,,,,,,,,,7.4,,,7.4,,,24.0,,,24.0,,,,,,,,,,,,,,,,,,,,,,,,,,,
5275.0,,,,,,,,,,,,,,,,,,,7.0,,,7.7,,,63.0,,,120.0,,,,,,,,,,,,,,,,,,,,,,,,,,,
5271.0,,,,,,,0.3,,,0.3,,,,,,,,,7.2,,,7.6,,,44.0,,,56.0,,,,,,,,,390000.0,,,390000.0,,,,,,,,,,,,,,,
5273.0,,,,,,,,,,,,,,,,,,,7.1,,,8.2,,,30.0,,,48.0,,,,,,,,,,,,,,,,,,,,,,,,,,,
1503.0,,,,,,,,,,,,,,,,,,,7.2,,,7.5,,,50.0,,,100.0,,,,,,,,,,,,,,,,,,,,,,,,,,,
1858.0,,,,,,,,,,,,,,,,,,,7.4,,,8.0,,,27.0,,,70.0,,,,,,,,,,,,,,,,,,,,,,,,,,,
1504.0,,,,,,,,,,,,,,,,,,,7.1,,,7.3,,,58.0,,,153.0,,,,,,,,,,,,,,,,,,,,,,,,,,,
1506.0,,,,,,,,,,,,,,,,,,,7.3,,,7.7,,,60.0,,,173.0,,,,,,,,,,,,,,,,,,,,,,,,,,,
5265.0,,,,,,,,,,,,,,,,,,,6.8,,,7.4,,,27.0,,,86.0,,,,,,,,,,,,,,,,,,,,,,,,,,,
5276.0,,,,,,,,,,,,,,,,,,,7.3,,,7.7,,,42.0,,,88.0,,,,,,,,,,,,,,,,,,,,,,,,,,,
5260.0,,,,,,,,,,,,,,,,,,,6.9,,,7.5,,,26.0,,,160.0,,,,,,,,,,,,,,,,,,,,,,,,,,,
5264.0,,,,,,,,,,,,,,,,,,,7.1,,,7.5,,,40.0,,,60.0,,,,,,,,,,,,,,,,,,,,,,,,,,,
5270.0,,,,,,,,,,,,,,,,,,,7.2,,,7.9,,,43.0,,,97.0,,,,,,,,,,,,,,,,,,,,,,,,,,,
4860.0,,,,,,,5.2,,,6.1,,,1720.0,,,1870.0,,,7.2,,,7.9,,,21.0,,,28.0,,,,,,,,,77000.0,,,150000.0,,,120000.0,,,220000.0,,,,,,,,,
3868.0,3.0,,,14.0,,,7.6,,,9.9,,,48.0,,,94.0,,,7.0,,,8.2,,,1.0,,,1.0,,,0.3,,,0.9,,,22.0,,,94.0,,,130.0,,,430.0,,,,,,,,,
3881.0,15.0,,,33.0,,,2.5,,,4.0,,,777.0,,,5200.0,,,7.0,,,8.3,,,2.2,,,90.0,,,,,,,,,17.0,,,920.0,,,58.0,,,1600.0,,,,,,,,,
3879.0,13.0,,,34.0,,,1.0,,,3.0,,,787.0,,,6180.0,,,7.1,,,8.3,,,1.6,,,110.0,,,,,,,,,17.0,,,920.0,,,70.0,,,1600.0,,,,,,,,,
4463.0,8.0,,,19.0,,,7.0,,,9.0,,,729.0,,,11570.0,,,7.6,,,8.8,,,1.0,,,1.0,,,0.4,,,2.1,,,2.0,,,280.0,,,540.0,,,1600.0,,,,,,,,,
4481.0,11.0,,,29.0,,,7.1,,,8.8,,,255.0,,,326.0,,,7.6,,,8.1,,,1.0,,,1.0,,,0.3,,,0.5,,,2.0,,,2.0,,,17.0,,,26.0,,,,,,,,,
4466.0,4.0,,,14.0,,,8.7,,,9.4,,,126.0,,,164.0,,,7.4,,,8.0,,,1.0,,,1.0,,,0.3,,,1.0,,,2.0,,,2.0,,,17.0,,,34.0,,,,,,,,,
4454.0,4.0,,,14.0,,,8.7,,,9.4,,,104.0,,,167.0,,,6.9,,,7.9,,,1.0,,,1.0,,,0.3,,,1.2,,,2.0,,,2.0,,,17.0,,,24.0,,,,,,,,,
4477.0,7.0,,,15.0,,,7.8,,,9.3,,,110.0,,,280.0,,,7.5,,,8.0,,,1.0,,,1.0,,,0.3,,,1.9,,,31.0,,,94.0,,,120.0,,,430.0,,,,,,,,,
4455.0,4.0,,,16.0,,,8.7,,,9.3,,,208.0,,,377.0,,,7.4,,,8.0,,,1.0,,,1.0,,,0.3,,,0.5,,,2.0,,,2.0,,,21.0,,,27.0,,,,,,,,,
4430.0,12.0,,,17.0,,,6.4,,,7.0,,,2738.0,,,7101.0,,,7.4,,,8.1,,,2.8,,,40.0,,,0.8,,,10.9,,,7.0,,,1600.0,,,1600.0,,,1600.0,,,,,,,,,
4482.0,12.0,,,28.0,,,7.2,,,8.8,,,257.0,,,319.0,,,7.7,,,8.1,,,1.0,,,1.0,,,0.3,,,0.3,,,2.0,,,2.0,,,14.0,,,25.0,,,,,,,,,
4475.0,8.0,,,15.0,,,9.3,,,9.7,,,1145.0,,,2590.0,,,7.5,,,8.2,,,1.0,,,1.0,,,0.3,,,1.0,,,7.0,,,1600.0,,,33.0,,,1600.0,,,,,,,,,
4476.0,4.0,,,12.0,,,8.0,,,9.7,,,34.0,,,71.0,,,6.9,,,8.3,,,1.0,,,1.0,,,0.3,,,0.7,,,22.0,,,70.0,,,63.0,,,280.0,,,,,,,,,
4474.0,8.0,,,15.0,,,9.3,,,9.8,,,120.0,,,2690.0,,,7.5,,,8.4,,,1.0,,,1.0,,,0.3,,,1.0,,,2.0,,,920.0,,,33.0,,,1600.0,,,,,,,,,
3863.0,17.0,,,27.0,,,5.9,,,6.4,,,324.0,,,652.0,,,7.1,,,8.1,,,1.1,,,5.0,,,0.3,,,1.3,,,17.0,,,170.0,,,170.0,,,920.0,,,,,,,,,
4425.0,10.0,,,15.0,,,7.9,,,8.9,,,150.0,,,2236.0,,,6.5,,,8.2,,,1.0,,,1.0,,,0.3,,,1.1,,,2.0,,,1600.0,,,2.0,,,1600.0,,,,,,,,,
3865.0,23.0,,,25.0,,,7.2,,,8.4,,,217.0,,,603.0,,,7.1,,,8.1,,,1.0,,,2.2,,,0.3,,,0.7,,,22.0,,,39.0,,,70.0,,,280.0,,,,,,,,,
4035.0,3.0,,,15.0,,,8.6,,,9.1,,,209.0,,,244.0,,,7.5,,,8.0,,,1.0,,,1.0,,,0.3,,,0.7,,,2.0,,,2.0,,,31.0,,,47.0,,,,,,,,,
4034.0,3.0,,,15.0,,,8.6,,,9.1,,,194.0,,,236.0,,,7.3,,,8.0,,,1.0,,,1.0,,,0.3,,,0.5,,,2.0,,,2.0,,,25.0,,,33.0,,,,,,,,,
4462.0,9.0,,,19.0,,,7.0,,,8.9,,,1701.0,,,6109.0,,,7.7,,,8.8,,,1.0,,,1.0,,,0.3,,,3.4,,,2.0,,,350.0,,,350.0,,,1600.0,,,,,,,,,
3861.0,15.0,,,26.0,,,7.1,,,8.2,,,315.0,,,626.0,,,7.3,,,7.9,,,1.0,,,3.8,,,0.3,,,0.8,,,22.0,,,70.0,,,94.0,,,280.0,,,,,,,,,
3867.0,6.0,,,18.0,,,7.8,,,9.6,,,110.0,,,183.0,,,7.4,,,8.0,,,1.0,,,1.0,,,0.3,,,1.1,,,27.0,,,84.0,,,150.0,,,430.0,,,,,,,,,
4480.0,9.0,,,21.0,,,7.2,,,9.2,,,205.0,,,664.0,,,7.5,,,8.5,,,1.0,,,7.4,,,,,,,,,2.0,,,27.0,,,33.0,,,130.0,,,,,,,,,
3875.0,9.0,,,21.0,,,7.2,,,8.7,,,195.0,,,701.0,,,7.5,,,8.5,,,1.0,,,2.2,,,,,,,,,2.0,,,25.0,,,26.0,,,84.0,,,,,,,,,
4029.0,15.0,,,25.0,,,6.1,,,7.8,,,302.0,,,726.0,,,7.0,,,8.1,,,1.0,,,2.8,,,0.4,,,2.5,,,22.0,,,70.0,,,94.0,,,350.0,,,,,,,,,
4082.0,15.0,,,29.0,,,5.3,,,6.5,,,182.0,,,348.0,,,7.6,,,8.2,,,1.5,,,2.2,,,0.1,,,0.1,,,,,,,,,,,,,,,,,,,,,
2763.0,17.0,,,21.0,,,6.1,,,7.3,,,380.0,,,1020.0,,,7.4,,,8.9,,,1.0,,,4.0,,,0.5,,,5.5,,,540.0,,,920.0,,,920.0,,,1600.0,,,,,,,,,
2785.0,25.0,,,27.0,,,0.3,,,0.3,,,6434.0,,,36960.0,,,5.5,,,8.1,,,110.0,,,1400.0,,,0.3,,,31.1,,,110.0,,,240.0,,,350.0,,,920.0,,,,,,,,,
2178.0,17.0,,,25.0,,,1.9,,,5.2,,,496.0,,,1591.0,,,6.9,,,8.0,,,4.2,,,16.0,,,0.3,,,3.3,,,15.0,,,27.0,,,170.0,,,350.0,,,,,,,,,
2783.0,25.0,,,30.0,,,0.3,,,6.9,,,546.0,,,6386.0,,,6.9,,,7.6,,,3.4,,,60.0,,,0.3,,,3.2,,,7.0,,,920.0,,,63.0,,,1600.0,,,,,,,,,
2789.0,12.0,,,36.0,,,4.6,,,5.9,,,500.0,,,9777.0,,,7.6,,,8.8,,,5.2,,,13.5,,,1.8,,,4.7,,,15.0,,,40.0,,,140.0,,,1600.0,,,,,,,,,
2790.0,23.0,,,32.0,,,5.1,,,7.0,,,179.0,,,562.0,,,5.5,,,7.8,,,1.8,,,2.4,,,0.3,,,2.8,,,4.0,,,6.0,,,14.0,,,38.0,,,,,,,,,
2782.0,25.0,,,36.0,,,0.3,,,2.2,,,502.0,,,1098.0,,,6.8,,,7.4,,,55.0,,,170.0,,,0.3,,,3.7,,,7.0,,,920.0,,,49.0,,,1600.0,,,,,,,,,
2784.0,25.0,,,30.0,,,0.3,,,2.4,,,556.0,,,2682.0,,,6.9,,,7.4,,,24.0,,,110.0,,,0.3,,,3.2,,,17.0,,,1600.0,,,84.0,,,1600.0,,,,,,,,,
3930.0,21.0,,,26.0,,,5.6,,,9.2,,,164.0,,,966.0,,,6.5,,,7.7,,,1.0,,,1.9,,,0.3,,,6.4,,,20.0,,,1400.0,,,330.0,,,3500.0,,,,,,,,,
3934.0,21.0,,,24.0,,,6.7,,,8.1,,,138.0,,,549.0,,,7.1,,,7.9,,,1.0,,,2.1,,,0.3,,,28.3,,,45.0,,,2100.0,,,170.0,,,4300.0,,,,,,,,,
3923.0,17.0,,,30.0,,,2.1,,,4.3,,,312.0,,,495.0,,,6.9,,,8.5,,,5.2,,,9.3,,,0.4,,,8.1,,,11000.0,,,160000.0,,,35000.0,,,160000.0,,,,,,,,,
3939.0,21.0,,,31.0,,,5.8,,,7.3,,,78.0,,,186.0,,,6.6,,,7.8,,,1.0,,,1.9,,,0.5,,,1.5,,,220.0,,,2400.0,,,790.0,,,4700.0,,,,,,,,,
2906.0,10.0,,,34.0,,,0.3,,,0.3,,,3508.0,,,5397.0,,,7.0,,,7.9,,,104.0,,,209.0,,,3.2,,,6.2,,,22000.0,,,210000.0,,,350000.0,,,460000.0,,,,,,,,,
2907.0,15.0,,,29.0,,,0.3,,,0.3,,,1108.0,,,1640.0,,,7.1,,,8.0,,,72.0,,,196.0,,,1.5,,,5.2,,,110000.0,,,330000.0,,,250000.0,,,940000.0,,,,,,,,,
2914.0,18.0,,,30.0,,,0.3,,,0.3,,,1280.0,,,2351.0,,,6.3,,,7.5,,,105.0,,,175.0,,,3.1,,,5.7,,,1100000.0,,,11000000.0,,,2100000.0,,,17000000.0,,,,,,,,,
4158.0,10.0,,,36.0,,,1.0,,,2.1,,,693.0,,,1365.0,,,7.2,,,8.0,,,15.0,,,49.0,,,1.0,,,2.7,,,4500.0,,,8100.0,,,32000.0,,,84000.0,,,,,,,,,
10051.0,26.0,,,32.0,,,0.3,,,0.3,,,892.0,,,2780.0,,,6.8,,,7.6,,,10.0,,,57.0,,,0.3,,,1.8,,,78.0,,,490.0,,,490.0,,,1700.0,,,,,,,,,
10056.0,25.0,,,30.0,,,0.3,,,3.9,,,734.0,,,1725.0,,,6.7,,,7.4,,,5.0,,,70.0,,,0.3,,,1.3,,,2.0,,,490.0,,,78.0,,,1700.0,,,,,,,,,
10048.0,28.0,,,32.0,,,0.3,,,3.0,,,923.0,,,2630.0,,,6.7,,,7.6,,,6.0,,,68.0,,,0.3,,,1.2,,,20.0,,,460.0,,,130.0,,,1700.0,,,,,,,,,
10047.0,28.0,,,32.0,,,0.3,,,2.2,,,845.0,,,4140.0,,,6.8,,,7.4,,,9.0,,,110.0,,,0.3,,,0.9,,,45.0,,,1100.0,,,230.0,,,2800.0,,,,,,,,,
3054.0,27.0,,,30.0,,,3.2,,,5.2,,,1088.0,,,1565.0,,,9.0,,,11.0,,,2.1,,,4.0,,,0.3,,,2.0,,,2.0,,,4.0,,,2.0,,,220.0,,,,,,,,,
3060.0,20.0,,,30.0,,,2.6,,,4.4,,,980.0,,,2090.0,,,7.0,,,8.5,,,9.0,,,27.0,,,,,,,,,2.0,,,79.0,,,17.0,,,540.0,,,,,,,,,
3058.0,20.0,,,31.0,,,3.6,,,5.2,,,987.0,,,1293.0,,,7.1,,,8.6,,,8.0,,,23.0,,,,,,,,,2.0,,,79.0,,,2.0,,,540.0,,,,,,,,,
3056.0,20.0,,,31.0,,,3.3,,,6.1,,,1261.0,,,1644.0,,,7.1,,,8.2,,,9.0,,,28.0,,,,,,,,,2.0,,,63.0,,,17.0,,,920.0,,,,,,,,,
3057.0,28.0,,,31.0,,,3.6,,,5.7,,,1272.0,,,1527.0,,,7.1,,,8.2,,,10.0,,,14.0,,,,,,,,,13.0,,,240.0,,,49.0,,,920.0,,,,,,,,,
3061.0,20.0,,,30.0,,,3.4,,,5.5,,,1351.0,,,1791.0,,,7.1,,,8.4,,,7.0,,,19.0,,,,,,,,,5.0,,,70.0,,,17.0,,,540.0,,,,,,,,,
3059.0,20.0,,,31.0,,,3.0,,,4.8,,,1574.0,,,2348.0,,,6.9,,,8.0,,,15.0,,,29.0,,,,,,,,,2.0,,,63.0,,,2.0,,,920.0,,,,,,,,,
3062.0,20.0,,,31.0,,,3.3,,,4.8,,,1303.0,,,1998.0,,,6.9,,,8.3,,,4.0,,,26.0,,,,,,,,,4.0,,,79.0,,,58.0,,,540.0,,,,,,,,,
3055.0,20.0,,,30.0,,,1.9,,,5.5,,,1155.0,,,1606.0,,,7.2,,,8.1,,,12.0,,,29.0,,,,,,,,,2.0,,,79.0,,,23.0,,,920.0,,,,,,,,,
20004.0,,,,,,,0.3,,,7.4,,,6.0,,,8.0,,,6.1,,,7.9,,,10.0,,,122.0,,,,,,,,,15.0,,,23.0,,,120.0,,,240.0,,,,,,,,,
20013.0,28.0,,,30.0,,,,,,,,,5.0,,,7.0,,,5.1,,,7.1,,,3.8,,,375.0,,,,,,,,,2.0,,,13000000.0,,,2.0,,,35000000.0,,,,,,,,,
20015.0,27.0,,,27.0,,,,,,,,,7.0,,,8.0,,,7.2,,,8.2,,,12.0,,,39.0,,,,,,,,,120.0,,,1600.0,,,280.0,,,1600.0,,,,,,,,,
20016.0,27.0,,,30.0,,,,,,,,,7.0,,,8.0,,,7.1,,,8.3,,,8.0,,,47.0,,,,,,,,,540.0,,,1600.0,,,1600.0,,,1600.0,,,,,,,,,
20017.0,,,,,,,0.3,,,0.3,,,7.0,,,9.0,,,7.4,,,8.9,,,110.0,,,190.0,,,,,,,,,,,,,,,,,,,,,,,,,,,
20019.0,,,,,,,,,,,,,7.0,,,8.0,,,7.3,,,7.5,,,4.5,,,5.3,,,,,,,,,13000.0,,,54000.0,,,54000.0,,,160000.0,,,,,,,,,
20020.0,,,,,,,0.3,,,0.3,,,7.0,,,8.0,,,6.7,,,8.0,,,5.5,,,150.0,,,0.32,,,0.32,,,2.0,,,160000.0,,,130.0,,,160000.0,,,,,,,,,
20018.0,,,,,,,,,,,,,7.0,,,8.0,,,6.7,,,7.6,,,9.3,,,185.0,,,,,,,,,4900.0,,,160000.0,,,11000.0,,,160000.0,,,,,,,,,
20021.0,,,,,,,,,,,,,8.0,,,9.0,,,8.4,,,8.8,,,10.0,,,18.0,,,,,,,,,2.0,,,1700.0,,,,,,,,,,,,,,,
20025.0,,,,,,,,,,,,,7.0,,,8.0,,,6.8,,,8.0,,,8.0,,,135.0,,,,,,,,,200.0,,,3500000.0,,,,,,,,,,,,,,,
20026.0,,,,,,,,,,,,,6.0,,,8.0,,,5.9,,,8.1,,,12.0,,,92.0,,,,,,,,,2.0,,,130000.0,,,2.0,,,2.0,,,,,,,,,
20028.0,,,,,,,,,,,,,7.0,,,8.0,,,7.1,,,7.7,,,95.0,,,215.0,,,,,,,,,9200000.0,,,24000000.0,,,,,,,,,,,,,,,
20022.0,,,,,,,,,,,,,7.0,,,8.0,,,7.2,,,7.6,,,16.0,,,28.0,,,,,,,,,1400.0,,,47000.0,,,,,,,,,,,,,,,
20023.0,,,,,,,,,,,,,7.0,,,7.0,,,7.0,,,7.0,,,28.0,,,28.0,,,,,,,,,2500.0,,,2500.0,,,,,,,,,,,,,,,
20024.0,,,,,,,,,,,,,7.0,,,7.0,,,7.4,,,7.4,,,30.0,,,30.0,,,,,,,,,2300.0,,,2300.0,,,,,,,,,,,,,,,
20038.0,26.0,,,30.0,,,,,,,,,7.0,,,10.0,,,7.4,,,9.8,,,3.0,,,13.0,,,,,,,,,2.0,,,78.0,,,45.0,,,230.0,,,,,,,,,
20043.0,31.0,,,31.0,,,,,,,,,7.0,,,7.0,,,6.5,,,7.3,,,8.0,,,37.0,,,,,,,,,2.0,,,68.0,,,20.0,,,240.0,,,,,,,,,
20044.0,26.0,,,30.0,,,0.3,,,0.3,,,7.0,,,8.0,,,7.1,,,8.0,,,4.0,,,26.0,,,,,,,,,2.0,,,170.0,,,40.0,,,790.0,,,,,,,,,
20041.0,26.0,,,32.0,,,0.3,,,0.3,,,7.0,,,8.0,,,7.0,,,7.6,,,4.0,,,19.0,,,,,,,,,2.0,,,2.0,,,61.0,,,460.0,,,,,,,,,
20032.0,28.0,,,28.0,,,,,,,,,8.0,,,8.0,,,7.5,,,7.5,,,10.0,,,10.0,,,,,,,,,40.0,,,40.0,,,140.0,,,140.0,,,,,,,,,
20034.0,27.0,,,32.0,,,0.3,,,6.0,,,7.0,,,8.0,,,6.5,,,7.9,,,1.0,,,81.0,,,0.32,,,3.19,,,110.0,,,3300.0,,,320.0,,,9400.0,,,,,,,,,
20035.0,30.0,,,34.0,,,0.3,,,6.0,,,7.0,,,7.0,,,6.8,,,7.3,,,2.0,,,252.0,,,0.32,,,2.76,,,170.0,,,4600.0,,,330.0,,,8400.0,,,,,,,,,
20042.0,24.0,,,29.0,,,0.3,,,6.6,,,7.0,,,8.0,,,6.8,,,8.1,,,1.0,,,72.0,,,0.32,,,2.92,,,23.0,,,1400.0,,,79.0,,,3500.0,,,,,,,,,
20045.0,26.0,,,34.0,,,0.3,,,7.4,,,7.0,,,8.0,,,6.9,,,7.6,,,1.0,,,96.0,,,0.32,,,2.68,,,1100.0,,,4900.0,,,2800.0,,,9400.0,,,,,,,,,
20047.0,26.0,,,32.0,,,0.3,,,6.9,,,7.0,,,8.0,,,6.5,,,7.6,,,10.0,,,65.0,,,0.33,,,1.61,,,140.0,,,4300.0,,,700.0,,,7900.0,,,,,,,,,
20033.0,,,,,,,,,,,,,7.0,,,8.0,,,6.8,,,8.4,,,2.3,,,30.0,,,,,,,,,1600.0,,,21000.0,,,11000.0,,,58000.0,,,,,,,,,
20036.0,26.0,,,32.0,,,0.3,,,7.2,,,7.0,,,8.0,,,6.6,,,7.6,,,9.0,,,145.0,,,0.32,,,2.4,,,2.0,,,7900.0,,,20.0,,,13000.0,,,,,,,,,
20048.0,12.0,,,29.0,,,9.0,,,10.2,,,7.0,,,8.0,,,7.1,,,8.3,,,1.0,,,1.4,,,0.32,,,2.1,,,14.0,,,26.0,,,34.0,,,48.0,,,,,,,,,
20049.0,14.0,,,26.0,,,8.8,,,9.8,,,7.0,,,8.0,,,7.1,,,8.3,,,1.0,,,1.6,,,0.32,,,1.3,,,2.0,,,58.0,,,2.0,,,70.0,,,,,,,,,
20050.0,14.0,,,26.8,,,8.2,,,10.5,,,7.0,,,9.0,,,7.0,,,8.5,,,1.0,,,2.2,,,0.3,,,0.42,,,48.0,,,84.0,,,84.0,,,140.0,,,,,,,,,
3043.0,32.0,,,32.0,,,17.0,,,17.0,,,7.4,,,8.8,,,811.0,,,811.0,,,9.1,,,9.1,,,0.3,,,0.32,,,110.0,,,110.0,,,490.0,,,490.0,,,,,,,,,
3042.0,,,,,,,7.5,,,7.5,,,7.4,,,7.6,,,185.0,,,185.0,,,1.0,,,1.0,,,0.42,,,0.76,,,2700.0,,,2700.0,,,24000.0,,,24000.0,,,,,,,,,
3041.0,,,,,,,17.0,,,17.0,,,7.4,,,8.8,,,811.0,,,811.0,,,9.1,,,9.1,,,0.3,,,0.32,,,110.0,,,110.0,,,490.0,,,490.0,,,,,,,,,
3044.0,,,,,,,6.2,,,6.2,,,7.5,,,7.8,,,211.0,,,211.0,,,1.1,,,1.1,,,0.3,,,0.72,,,170.0,,,170.0,,,2400.0,,,2400.0,,,,,,,,,
3045.0,32.0,,,32.0,,,8.3,,,8.3,,,7.5,,,7.8,,,252.0,,,252.0,,,1.7,,,1.7,,,0.3,,,0.62,,,7900.0,,,7900.0,,,17000.0,,,17000.0,,,,,,,,,
3046.0,,,,,,,,,,,,,7.5,,,7.5,,,,,,,,,,,,,,,0.3,,,0.3,,,,,,,,,,,,,,,,,,,,,
3047.0,3.0,,,26.0,,,6.1,,,7.0,,,7.1,,,7.2,,,690.0,,,960.0,,,,,,,,,,,,,,,140.0,,,190.0,,,1800.0,,,2600.0,,,,,,,,,
4861.0,16.0,,,26.0,,,4.6,,,5.1,,,7.4,,,7.7,,,590.0,,,930.0,,,1.0,,,1.0,,,,,,,,,2.0,,,2.0,,,2.0,,,2.0,,,,,,,,,
3048.0,20.0,,,20.0,,,9.3,,,10.1,,,7.3,,,7.42,,,172.0,,,194.0,,,1.0,,,1.0,,,0.3,,,0.3,,,2.0,,,2.0,,,2.0,,,2.0,,,,,,,,,
3050.0,3.0,,,24.0,,,6.1,,,6.9,,,7.1,,,7.3,,,615.0,,,840.0,,,,,,,,,,,,,,,110.0,,,160.0,,,1700.0,,,2200.0,,,,,,,,,
20004.0,,28.0,28.0,6.2,8.0,6.7,8.2,826.0,1615.0,8.0,72.0,1.8,,4.08,,7.0,21.0,150.0,1100.0,4.0,,4.0,,,,,,,,,,,,,,,,,,,,,,,,,,,,,,,,,
20013.0,,28.0,29.0,,,5.5,8.5,,,6.0,500.0,,,,,2.0,5400000.0,2.0,9200000.0,2.0,,920000.0,,,,,,,,,,,,,,,,,,,,,,,,,,,,,,,,,
20015.0,,26.0,35.0,,,7.4,8.2,,,13.0,33.0,,,,,920.0,1600.0,1600.0,1600.0,1600.0,,1600.0,,,,,,,,,,,,,,,,,,,,,,,,,,,,,,,,,
20016.0,,26.0,35.0,,,7.0,7.9,,,18.0,67.0,,,,,1600.0,1600.0,1600.0,1600.0,,,,,,,,,,,,,,,,,,,,,,,,,,,,,,,,,,,,
20017.0,,,,,,7.8,8.9,,,48.0,230.0,,,,,,,432.0,432.0,,,,,,,,,,,,,,,,,,,,,,,,,,,,,,,,,,,,
20018.0,,,,,,6.9,7.6,,,1.2,60.0,,,,,2.0,160000.0,2.0,160000.0,2.0,,2.0,,,,,,,,,,,,,,,,,,,,,,,,,,,,,,,,,
20019.0,,,,0.3,0.3,6.8,7.7,,,5.9,195.0,,,,,2.0,160000.0,2.0,160000.0,,,,,,,,,,,,,,,,,,,,,,,,,,,,,,,,,,,,
20020.0,,,,,,6.5,7.4,,,3.8,145.0,,,,,13.0,160000.0,49.0,160000.0,,,,,,,,,,,,,,,,,,,,,,,,,,,,,,,,,,,,
20021.0,,,,,,6.9,6.9,,,14.0,14.0,,,,,3300.0,3300.0,,,,,,,,,,,,,,,,,,,,,,,,,,,,,,,,,,,,,,
20022.0,,,,,,6.8,7.7,,,12.0,148.0,,,,,93.0,280000.0,,,,,,,,,,,,,,,,,,,,,,,,,,,,,,,,,,,,,,
20023.0,,,,,,6.7,7.9,,,16.0,185.0,,,,,2.0,540000.0,2.0,2.0,2.0,,2.0,,,,,,,,,,,,,,,,,,,,,,,,,,,,,,,,,
20024.0,,,,,,,,,,,,,,,,,,,,,,,,,,,,,,,,,,,,,,,,,,,,,,,,,,,,,,,
20025.0,,,,,,7.1,7.7,,,17.0,28.0,,,,,540.0,2200.0,780.0,930.0,,,,,,,,,,,,,,,,,,,,,,,,,,,,,,,,,,,,
20026.0,,,,,,7.1,11.9,,,6.0,25.0,,,,,2.0,1700.0,2.0,2.0,2.0,,2.0,,,,,,,,,,,,,,,,,,,,,,,,,,,,,,,,,
20027.0,,,,,,7.1,7.6,,,18.0,28.0,,,,,630.0,840.0,700.0,840.0,,,,,,,,,,,,,,,,,,,,,,,,,,,,,,,,,,,,
20028.0,,,,,,6.9,8.5,,,20.0,30.0,,,,,830.0,14000.0,940.0,1200.0,,,,,,,,,,,,,,,,,,,,,,,,,,,,,,,,,,,,
20032.0,,25.0,31.0,0.3,0.3,7.4,9.6,,,2.0,10.0,,,,,2.0,110.0,40.0,680.0,20.0,,20.0,,,,,,,,,,,,,,,,,,,,,,,,,,,,,,,,,
20033.0,,25.0,33.0,0.3,0.3,6.1,7.8,,,3.0,120.0,170.0,,170.0,,2.0,1300.0,18.0,3500.0,,,,,,,,,,,,,,,,,,,,,,,,,,,,,,,,,,,,
20034.0,,25.0,32.0,0.3,0.3,6.2,8.1,,,4.0,20.0,,,,,2.0,93.0,61.0,460.0,,,,,,,,,,,,,,,,,,,,,,,,,,,,,,,,,,,,
20035.0,,25.0,32.0,,,6.2,7.5,,,3.0,13.0,,,,,2.0,78.0,78.0,680.0,,,,,,,,,,,,,,,,,,,,,,,,,,,,,,,,,,,,
20038.0,,23.0,36.0,0.3,6.3,5.6,8.4,604.0,1779.0,1.0,240.0,0.32,,7.56,,68.0,7000.0,210.0,11000.0,,,,,,,,,,,,,,,,,,,,,,,,,,,,,,,,,,,,
20041.0,,25.0,33.0,0.3,4.1,5.3,9.0,1073.0,2180.0,10.2,1050.0,0.32,,6.51,,330.0,6300.0,790.0,12000.0,,,,,,,,,,,,,,,,,,,,,,,,,,,,,,,,,,,,
20042.0,,20.0,34.0,0.3,4.7,6.0,8.0,963.0,1561.0,10.0,83.0,0.32,,9.67,,3.0,4900.0,24.0,9400.0,,,,,,,,,,,,,,,,,,,,,,,,,,,,,,,,,,,,
20043.0,,29.0,35.0,0.3,0.3,7.3,8.2,1055.0,1576.0,14.0,28.0,0.54,,18.66,,110.0,4900.0,790.0,14000.0,,,,,,,,,,,,,,,,,,,,,,,,,,,,,,,,,,,,
20044.0,,29.0,36.0,0.3,0.3,7.0,8.0,140.0,1662.0,14.0,28.0,0.32,,21.5,,81.0,4900.0,580.0,11000.0,,,,,,,,,,,,,,,,,,,,,,,,,,,,,,,,,,,,
20045.0,,,,0.3,0.3,7.1,8.5,782.0,816.0,9.0,49.0,,,,,10.0,7000.0,20.0,21000.0,,,,,,,,,,,,,,,,,,,,,,,,,,,,,,,,,,,,
20046.0,,27.0,29.0,0.3,4.5,6.5,7.2,242.0,242.0,6.0,90.0,1.23,,5.48,,14.0,49000.0,22.0,79000.0,,,,,,,,,,,,,,,,,,,,,,,,,,,,,,,,,,,,
20047.0,,27.0,33.0,0.3,0.3,7.1,7.9,1050.0,1674.0,18.0,62.0,0.32,,22.0,,56.0,6300.0,330.0,14000.0,,,,,,,,,,,,,,,,,,,,,,,,,,,,,,,,,,,,
3055.0,,28.0,30.0,3.2,4.9,6.6,8.6,1273.0,1720.0,6.0,28.0,,,,,2.0,17.0,2.0,1600.0,,,,,,,,,,,,,,,,,,,,,,,,,,,,,,,,,,,,
3056.0,,28.0,31.0,2.7,5.2,7.3,9.0,1151.0,2662.0,7.0,29.0,,,,,2.0,21.0,2.0,1600.0,2.0,,2.0,,,,,,,,,,,,,,,,,,,,,,,,,,,,,,,,,
3057.0,,27.0,31.0,3.6,4.9,7.1,8.5,858.0,1638.0,7.0,26.0,,,,,2.0,32.0,11.0,1600.0,,,,,,,,,,,,,,,,,,,,,,,,,,,,,,,,,,,,
3058.0,,29.0,31.0,2.8,6.6,6.7,8.5,748.0,1403.0,4.0,19.0,,,,,2.0,13.0,32.0,920.0,,,,,,,,,,,,,,,,,,,,,,,,,,,,,,,,,,,,
3059.0,,29.0,32.0,2.8,4.2,7.2,8.1,1308.0,2836.0,7.0,29.0,,,,,2.0,70.0,140.0,1600.0,,,,,,,,,,,,,,,,,,,,,,,,,,,,,,,,,,,,
3060.0,,28.0,32.0,2.3,4.9,7.0,8.2,1091.0,1891.0,10.0,28.0,,,,,2.0,26.0,84.0,1600.0,,,,,,,,,,,,,,,,,,,,,,,,,,,,,,,,,,,,
3061.0,,27.0,31.0,3.4,4.8,7.2,8.6,1006.0,1820.0,8.0,26.0,,,,,2.0,26.0,94.0,1600.0,,,,,,,,,,,,,,,,,,,,,,,,,,,,,,,,,,,,
3062.0,,26.0,31.0,3.4,5.4,6.5,7.9,1185.0,1720.0,3.0,22.0,,,,,2.0,17.0,33.0,1600.0,,,,,,,,,,,,,,,,,,,,,,,,,,,,,,,,,,,,
20048.0,,11.0,24.0,4.8,10.6,6.6,7.9,81.0,503.0,1.0,10.0,0.32,,0.4,,10.0,3900.0,34.0,16000.0,2.0,,540.0,,,,,,,,,,,,,,,,,,,,,,,,,,,,,,,,,
20049.0,,13.0,25.0,5.0,10.0,6.6,8.1,174.0,609.0,1.2,9.6,0.32,,0.4,,15.0,35000.0,38.0,54000.0,2.0,,540.0,,,,,,,,,,,,,,,,,,,,,,,,,,,,,,,,,
20050.0,,15.0,33.0,3.4,10.0,6.4,8.4,151.0,1082.0,1.4,6.0,0.32,,2.9,,21.0,84.0,70.0,120.0,10.0,,33.0,,,,,,,,,,,,,,,,,,,,,,,,,,,,,,,,,
3042.0,,,,,,7.0,7.7,,,,,0.3,,0.49,,,,,,,,,,,,,,,,,,,,,,,,,,,,,,,,,,,,,,,,,
3043.0,,,,,,6.4,7.3,,,,,0.3,,0.49,,,,,,,,,,,,,,,,,,,,,,,,,,,,,,,,,,,,,,,,,
3044.0,,,,,,6.8,8.0,,,,,0.3,,0.64,,,,,,,,,,,,,,,,,,,,,,,,,,,,,,,,,,,,,,,,,
3045.0,,,,,,7.0,7.8,,,,,0.3,,0.9,,,,,,,,,,,,,,,,,,,,,,,,,,,,,,,,,,,,,,,,,
3046.0,,,,,,7.0,7.8,,,,,0.3,,0.6,,,,,,,,,,,,,,,,,,,,,,,,,,,,,,,,,,,,,,,,,
4861.0,,4.0,35.0,7.0,7.3,7.0,7.3,850.0,1030.0,,,,,,,60.0,,140.0,,760.0,,2400.0,,,,,,,,,,,,,,,,,,,,,,,,,,,,,,,,,
3047.0,,5.0,38.0,6.8,7.2,6.8,7.3,960.0,1260.0,,,,,,,90.0,,240.0,,2600.0,,3600.0,,,,,,,,,,,,,,,,,,,,,,,,,,,,,,,,,
3048.0,,18.0,28.0,5.2,6.4,7.1,7.5,990.0,1040.0,1.0,1.0,,,,,2.0,,2.0,,2.0,,2.0,,2.0,,2.0,,,,,,,,,,,,,,,,,,,,,,,,,,,,,
3050.0,,17.0,23.0,9.8,10.6,7.2,7.6,110.0,183.0,1.0,1.0,0.3,,0.32,,2.0,,2.0,,2.0,,2.0,,2.0,,2.0,,,,,,,,,,,,,,,,,,,,,,,,,,,,,
2355.0,,25.0,26.0,2.0,6.1,7.2,8.4,418.0,9680.0,3.2,6.4,0.83,,2.98,,7.0,28.0,120.0,1100.0,,,,,,,,,,,,,,,,,,,,,,,,,,,,,,,,,,,,
3052.0,,25.0,25.0,1.5,5.1,6.9,7.9,1892.0,2392.0,8.0,14.2,4.12,,5.96,,3.0,4569.0,1100.0,10462.0,2.0,,1027.0,,,,,,,,,,,,,,,,,,,,,,,,,,,,,,,,,
3053.0,,25.0,28.0,2.5,5.8,7.1,8.3,634.0,16660.0,3.0,10.6,0.73,,3.22,,9.0,43.0,150.0,2400.0,,,,,,,,,,,,,,,,,,,,,,,,,,,,,,,,,,,,
4369.0,,18.0,31.0,4.1,8.5,7.6,8.3,199.0,474.0,1.8,9.2,0.32,,1.93,,3.0,14.0,39.0,210.0,,,,,,,,,,,,,,,,,,,,,,,,,,,,,,,,,,,,
2047.0,,16.0,30.0,0.3,13.4,7.2,7.7,315.0,761.0,2.7,28.0,0.4,,1.8,,170.0,93000.0,280.0,760000.0,,,,,,,,,,,,,,,,,,,,,,,,,,,,,,,,,,,,
2048.0,,16.0,32.0,0.3,0.3,7.6,7.8,515.0,1184.0,40.0,306.0,0.4,,2.8,,700000.0,9400000.0,7000000.0,140000000.0,,,,,,,,,,,,,,,,,,,,,,,,,,,,,,,,,,,,
2049.0,,16.0,33.0,0.3,0.3,7.4,7.8,896.0,10008.0,90.0,282.0,0.4,,2.8,,1700000.0,22000000.0,4000000.0,170000000.0,,,,,,,,,,,,,,,,,,,,,,,,,,,,,,,,,,,,
1377.0,,,,,,7.3,7.5,,,65.0,75.0,,,,,,,,,,,,,,,,,,,,,,,,,,,,,,,,,,,,,,,,,,,,
1501.0,,,,,,7.1,7.4,,,50.0,68.0,,,,,,,,,,,,,,,,,,,,,,,,,,,,,,,,,,,,,,,,,,,,
1502.0,,,,,,7.0,7.9,,,50.0,68.0,,,,,,,,,,,,,,,,,,,,,,,,,,,,,,,,,,,,,,,,,,,,
1503.0,,,,,,7.2,7.6,,,48.0,75.0,,,,,,,,,,,,,,,,,,,,,,,,,,,,,,,,,,,,,,,,,,,,
1504.0,,,,,,7.1,7.4,,,55.0,90.0,,,,,,,,,,,,,,,,,,,,,,,,,,,,,,,,,,,,,,,,,,,,
1505.0,,,,,,7.3,7.6,,,50.0,73.0,,,,,,,,,,,,,,,,,,,,,,,,,,,,,,,,,,,,,,,,,,,,
1506.0,,,,,,7.2,7.9,,,63.0,93.0,,,,,,,,,,,,,,,,,,,,,,,,,,,,,,,,,,,,,,,,,,,,
1857.0,,,,,,6.9,7.8,,,45.0,73.0,,,,,,,,,,,,,,,,,,,,,,,,,,,,,,,,,,,,,,,,,,,,
1858.0,,,,,,7.5,7.5,,,56.0,62.0,,,,,,,,,,,,,,,,,,,,,,,,,,,,,,,,,,,,,,,,,,,,
5259.0,,,,,,6.7,6.7,,,70.0,70.0,,,,,,,,,,,,,,,,,,,,,,,,,,,,,,,,,,,,,,,,,,,,
5260.0,,,,,,7.3,7.7,,,48.0,78.0,,,,,,,,,,,,,,,,,,,,,,,,,,,,,,,,,,,,,,,,,,,,
5261.0,,,,,,7.2,7.4,,,44.0,50.0,,,,,,,,,,,,,,,,,,,,,,,,,,,,,,,,,,,,,,,,,,,,
5262.0,,,,,,7.1,7.3,,,24.0,30.0,,,,,,,,,,,,,,,,,,,,,,,,,,,,,,,,,,,,,,,,,,,,
5263.0,,,,,,7.0,7.4,,,52.0,68.0,,,,,,,,,,,,,,,,,,,,,,,,,,,,,,,,,,,,,,,,,,,,
5264.0,,,,,,6.9,7.6,,,30.0,48.0,,,,,,,,,,,,,,,,,,,,,,,,,,,,,,,,,,,,,,,,,,,,
5265.0,,,,,,7.1,7.5,,,53.0,90.0,,,,,,,,,,,,,,,,,,,,,,,,,,,,,,,,,,,,,,,,,,,,
5266.0,,,,,,7.2,7.9,,,58.0,105.0,,,,,,,,,,,,,,,,,,,,,,,,,,,,,,,,,,,,,,,,,,,,
5267.0,,,,,,7.0,7.6,,,16.0,36.0,,,,,,,,,,,,,,,,,,,,,,,,,,,,,,,,,,,,,,,,,,,,
5268.0,,,,,,6.9,7.7,,,52.0,72.0,,,,,,,,,,,,,,,,,,,,,,,,,,,,,,,,,,,,,,,,,,,,
5269.0,,,,,,7.3,7.6,,,40.0,66.0,,,,,,,,,,,,,,,,,,,,,,,,,,,,,,,,,,,,,,,,,,,,
5270.0,,,,,,7.3,7.8,,,11.0,102.0,,,,,,,,,,,,,,,,,,,,,,,,,,,,,,,,,,,,,,,,,,,,
5271.0,,,,,,7.2,7.8,,,42.0,66.0,,,,,,,,,,,,,,,,,,,,,,,,,,,,,,,,,,,,,,,,,,,,
5273.0,,,,,,7.4,7.7,,,34.0,58.0,,,,,,,,,,,,,,,,,,,,,,,,,,,,,,,,,,,,,,,,,,,,
5275.0,,,,,,7.1,7.5,,,46.0,72.0,,,,,,,,,,,,,,,,,,,,,,,,,,,,,,,,,,,,,,,,,,,,
5276.0,,,,,,6.9,7.6,,,73.0,100.0,,,,,,,,,,,,,,,,,,,,,,,,,,,,,,,,,,,,,,,,,,,,
4860.0,,,,5.5,6.3,7.6,8.7,572.0,1920.0,6.0,30.0,,,,,520.0,80000.0,2100.0,130000.0,,,,,,,,,,,,,,,,,,,,,,,,,,,,,,,,,,,,
1870.0,,7.0,18.0,4.5,7.7,7.0,8.3,253.0,1392.0,1.0,60.0,3.1,,11.57,,2.0,1600.0,25.0,1600.0,2.0,,2.0,,,,,,,,,,,,,,,,,,,,,,,,,,,,,,,,,
3861.0,,15.0,25.0,6.5,8.8,7.2,8.1,323.0,588.0,1.3,2.8,0.32,,1.5,,33.0,280.0,220.0,920.0,2.0,,2.0,,,,,,,,,,,,,,,,,,,,,,,,,,,,,,,,,
3863.0,,17.0,27.0,5.5,6.6,7.3,8.3,358.0,5047.0,1.6,25.0,0.32,,2.82,,7.0,14700.0,280.0,162000.0,2.0,,2.0,,,,,,,,,,,,,,,,,,,,,,,,,,,,,,,,,
3865.0,,20.0,27.0,6.4,8.6,7.3,8.3,289.0,665.0,1.1,2.7,0.32,,1.77,,21.0,170.0,94.0,540.0,2.0,,2.0,,,,,,,,,,,,,,,,,,,,,,,,,,,,,,,,,
3867.0,,4.0,13.0,8.1,8.7,7.1,8.4,115.0,170.0,1.0,1.0,0.32,,1.72,,31.0,79.0,210.0,280.0,2.0,,2.0,,,,,,,,,,,,,,,,,,,,,,,,,,,,,,,,,
3868.0,,2.0,11.0,7.8,10.1,7.4,8.5,53.0,284.0,1.0,1.0,0.32,,1.54,,33.0,79.0,170.0,280.0,2.0,,2.0,,,,,,,,,,,,,,,,,,,,,,,,,,,,,,,,,
3875.0,,8.0,18.0,6.8,7.8,7.4,8.4,473.0,995.0,1.0,2.8,3.24,,12.44,,2.0,17.0,21.0,120.0,2.0,,2.0,,,,,,,,,,,,,,,,,,,,,,,,,,,,,,,,,
3879.0,,12.0,30.0,2.0,4.2,7.4,8.3,1062.0,4330.0,1.0,45.0,0.34,,10.23,,2.0,340.0,25.0,1840.0,2.0,,2.0,,,,,,,,,,,,,,,,,,,,,,,,,,,,,,,,,
3881.0,,12.0,40.0,2.0,4.5,7.2,8.3,833.0,5550.0,1.0,33.0,0.35,,11.35,,2.0,920.0,21.0,1600.0,2.0,,2.0,,,,,,,,,,,,,,,,,,,,,,,,,,,,,,,,,
4029.0,,17.0,24.0,5.9,8.6,7.3,8.3,267.0,837.0,1.0,2.8,0.32,,6.14,,25.0,350.0,130.0,1600.0,2.0,,2.0,,,,,,,,,,,,,,,,,,,,,,,,,,,,,,,,,
4034.0,,11.0,16.0,7.9,9.9,7.0,8.1,168.0,360.0,1.0,1.0,0.3,,1.18,,2.0,22.0,21.0,220.0,2.0,,2.0,,,,,,,,,,,,,,,,,,,,,,,,,,,,,,,,,
4035.0,,11.0,17.0,7.8,9.8,6.8,8.2,177.0,377.0,1.0,1.0,0.3,,2.3,,2.0,33.0,22.0,280.0,2.0,,2.0,,,,,,,,,,,,,,,,,,,,,,,,,,,,,,,,,
4036.0,,9.0,16.0,7.3,8.6,7.5,8.5,132.0,572.0,1.0,1.8,0.32,,6.22,,2.0,21.0,21.0,58.0,2.0,,2.0,,,,,,,,,,,,,,,,,,,,,,,,,,,,,,,,,
4425.0,,6.0,15.0,7.1,8.9,7.5,8.4,102.0,1904.0,1.0,1.0,0.32,,1.55,,2.0,170.0,2.0,1600.0,2.0,,4.0,,,,,,,,,,,,,,,,,,,,,,,,,,,,,,,,,
4426.0,,6.0,16.0,7.2,8.8,7.8,8.4,111.0,1447.0,1.0,1.0,0.32,,1.27,,2.0,220.0,2.0,1600.0,2.0,,2.0,,,,,,,,,,,,,,,,,,,,,,,,,,,,,,,,,
4430.0,,6.0,25.0,5.8,7.8,7.4,8.1,279.0,3014.0,1.1,58.8,1.36,,12.76,,11.0,920.0,39.0,1600.0,4.0,,140.0,,,,,,,,,,,,,,,,,,,,,,,,,,,,,,,,,
4454.0,,8.0,18.0,8.2,9.7,7.1,8.2,115.0,244.0,1.0,1.0,0.3,,2.14,,2.0,26.0,17.0,350.0,2.0,,2.0,,,,,,,,,,,,,,,,,,,,,,,,,,,,,,,,,
4455.0,,9.0,16.0,8.4,10.5,7.1,8.2,212.0,351.0,1.0,1.0,0.3,,1.16,,2.0,33.0,14.0,280.0,2.0,,2.0,,,,,,,,,,,,,,,,,,,,,,,,,,,,,,,,,
4462.0,,7.0,19.0,6.5,8.9,7.6,8.5,99.0,2265.0,1.0,1.0,0.32,,2.42,,2.0,220.0,2.0,1600.0,2.0,,2.0,,,,,,,,,,,,,,,,,,,,,,,,,,,,,,,,,
4463.0,,6.0,19.0,6.4,8.8,7.5,8.5,102.0,2409.0,1.0,1.0,0.32,,2.9,,2.0,280.0,2.0,1600.0,2.0,,5.0,,,,,,,,,,,,,,,,,,,,,,,,,,,,,,,,,
4464.0,,12.0,25.0,8.4,9.4,8.0,8.3,245.0,490.0,1.0,1.0,0.47,,3.05,,33.0,84.0,150.0,280.0,2.0,,2.0,,,,,,,,,,,,,,,,,,,,,,,,,,,,,,,,,
4466.0,,8.0,18.0,8.4,9.7,7.1,8.3,130.0,1167.0,1.0,1.0,0.3,,2.1,,2.0,58.0,21.0,1600.0,2.0,,2.0,,,,,,,,,,,,,,,,,,,,,,,,,,,,,,,,,
4474.0,,7.0,14.0,9.3,9.7,7.5,8.5,101.0,1413.0,1.0,1.0,0.32,,1.79,,4.0,26.0,27.0,350.0,2.0,,2.0,,,,,,,,,,,,,,,,,,,,,,,,,,,,,,,,,
4475.0,,8.0,14.0,9.4,9.7,7.5,8.5,106.0,1431.0,1.0,1.0,0.32,,1.71,,2.0,26.0,2.0,1600.0,2.0,,2.0,,,,,,,,,,,,,,,,,,,,,,,,,,,,,,,,,
4476.0,,1.0,8.0,8.2,10.2,7.0,8.2,35.0,277.0,1.0,1.0,0.32,,1.37,,23.0,84.0,150.0,280.0,2.0,,2.0,,,,,,,,,,,,,,,,,,,,,,,,,,,,,,,,,
4477.0,,3.0,12.0,8.2,9.1,7.5,8.4,110.0,2183.0,1.0,1.0,0.32,,2.58,,11.0,84.0,170.0,350.0,2.0,,2.0,,,,,,,,,,,,,,,,,,,,,,,,,,,,,,,,,
4480.0,,8.0,17.0,6.8,8.9,7.3,8.5,468.0,5770.0,1.0,14.5,3.19,,12.17,,2.0,110.0,25.0,540.0,2.0,,2.0,,,,,,,,,,,,,,,,,,,,,,,,,,,,,,,,,
4481.0,,10.0,30.0,7.2,8.8,7.1,8.2,238.0,441.0,1.0,1.0,0.3,,6.3,,2.0,4.0,13.0,50.0,2.0,,2.0,,,,,,,,,,,,,,,,,,,,,,,,,,,,,,,,,
4482.0,,10.0,31.0,7.0,8.6,7.0,8.2,245.0,356.0,1.0,1.0,0.3,,2.12,,2.0,11.0,13.0,170.0,2.0,,2.0,,,,,,,,,,,,,,,,,,,,,,,,,,,,,,,,,
5253.0,,4.0,15.0,6.4,8.2,7.7,8.4,71.0,152.0,1.0,1.0,0.32,,1.32,,58.0,94.0,280.0,430.0,2.0,,2.0,,,,,,,,,,,,,,,,,,,,,,,,,,,,,,,,,
5257.0,,10.0,20.0,8.5,9.0,7.1,8.0,99.0,248.0,1.0,1.0,0.3,,2.25,,2.0,7.0,25.0,1600.0,2.0,,2.0,,,,,,,,,,,,,,,,,,,,,,,,,,,,,,,,,
4082.0,,20.0,24.0,5.4,6.8,8.1,8.5,192.0,216.0,2.1,2.2,,,,,,,,,,,,,,,,,,,,,,,,,,,,,,,,,,,,,,,,,,,,
5172.0,,,,2.1,7.7,6.1,7.7,5.0,5.0,1.0,2.9,,,,,48.0,810.0,152.0,152.0,,,,,,,,,,,,,,,,,,,,,,,,,,,,,,,,,,,,
2178.0,,17.0,27.0,1.1,5.5,7.3,8.0,654.0,1009.0,3.8,16.0,0.3,,3.7,,6.0,17.0,58.0,170.0,2.0,,2.0,,,,,,,,,,,,,,,,,,,,,,,,,,,,,,,,,
2782.0,,26.0,34.0,0.3,4.0,6.9,7.4,222.0,5426.0,8.0,160.0,0.3,,12.4,,170.0,1600.0,540.0,3500.0,,,,,,,,,,,,,,,,,,,,,,,,,,,,,,,,,,,,
2783.0,,26.0,34.0,0.3,6.0,7.1,7.5,284.0,8716.0,5.0,75.0,0.3,,20.85,,540.0,1600.0,540.0,1700.0,,,,,,,,,,,,,,,,,,,,,,,,,,,,,,,,,,,,
2784.0,,21.0,34.0,0.3,4.9,7.1,7.5,517.0,9857.0,6.0,90.0,0.3,,13.02,,110.0,1600.0,540.0,1600.0,,,,,,,,,,,,,,,,,,,,,,,,,,,,,,,,,,,,
2785.0,,26.0,27.0,0.3,0.3,6.2,7.8,5690.0,51530.0,78.0,3750.0,0.86,,71.9,,13.0,920.0,70.0,1600.0,,,,,,,,,,,,,,,,,,,,,,,,,,,,,,,,,,,,
2786.0,,26.0,26.0,0.3,0.3,6.8,7.7,4624.0,6126.0,230.0,450.0,7.1,,7.22,,33.0,70.0,170.0,350.0,,,,,,,,,,,,,,,,,,,,,,,,,,,,,,,,,,,,
2787.0,,26.0,26.0,0.3,0.3,6.9,6.9,2588.0,5622.0,165.0,230.0,3.8,,6.92,,13.0,34.0,79.0,220.0,,,,,,,,,,,,,,,,,,,,,,,,,,,,,,,,,,,,
2788.0,,26.0,26.0,0.3,0.3,2.0,7.1,2561.0,18120.0,170.0,210.0,4.29,,4.71,,22.0,23.0,210.0,220.0,,,,,,,,,,,,,,,,,,,,,,,,,,,,,,,,,,,,
2789.0,,26.0,30.0,4.1,5.7,8.1,8.6,755.0,1960.0,5.4,20.5,1.61,,4.86,,15.0,80.0,225.0,1800.0,8.0,,25.0,,,,,,,,,,,,,,,,,,,,,,,,,,,,,,,,,
2790.0,,21.0,30.0,5.8,7.2,5.7,7.6,263.0,4876.0,1.6,2.4,0.3,,2.4,,6.0,6.0,17.0,33.0,2.0,,2.0,,,,,,,,,,,,,,,,,,,,,,,,,,,,,,,,,
3923.0,,22.0,30.0,1.6,6.8,6.9,8.2,310.0,606.0,4.2,8.3,1.15,,13.18,,7900.0,92000.0,24000.0,160000.0,13.0,,350.0,,,,,,,,,,,,,,,,,,,,,,,,,,,,,,,,,
3934.0,,21.0,24.0,7.2,7.8,6.9,7.8,160.0,1054.0,1.0,1.7,0.32,,19.25,,45.0,1100.0,220.0,2800.0,,,,,,,,,,,,,,,,,,,,,,,,,,,,,,,,,,,,
3939.0,,20.0,30.0,4.8,7.2,6.9,7.7,94.0,147.0,1.1,1.5,0.42,,1.62,,45.0,1300.0,230.0,3500.0,,,,,,,,,,,,,,,,,,,,,,,,,,,,,,,,,,,,
2906.0,,11.0,28.0,0.3,0.3,7.1,8.2,3521.0,4738.0,19.0,124.0,3.2,,6.3,,110000.0,170000.0,280000.0,430000.0,,,,,,,,,,,,,,,,,,,,,,,,,,,,,,,,,,,,
2907.0,,15.0,33.0,0.3,0.3,7.2,8.4,1120.0,1583.0,54.0,130.0,4.0,,9.1,,110000.0,330000.0,430000.0,700000.0,,,,,,,,,,,,,,,,,,,,,,,,,,,,,,,,,,,,
2908.0,,11.0,33.0,0.3,1.9,7.0,7.8,842.0,1252.0,24.0,58.0,2.0,,4.2,,21000.0,70000.0,110000.0,210000.0,,,,,,,,,,,,,,,,,,,,,,,,,,,,,,,,,,,,
2909.0,,10.0,32.0,0.3,1.9,7.0,8.0,1315.0,2515.0,27.0,74.0,2.0,,4.0,,32000.0,120000.0,120000.0,350000.0,,,,,,,,,,,,,,,,,,,,,,,,,,,,,,,,,,,,
2910.0,,15.0,33.0,0.3,0.3,6.7,8.2,1549.0,2700.0,145.0,258.0,6.0,,13.0,,170000.0,460000.0,630000.0,1100000.0,,,,,,,,,,,,,,,,,,,,,,,,,,,,,,,,,,,,
2914.0,,12.0,32.0,0.3,0.3,7.1,7.5,1107.0,2080.0,80.0,210.0,3.1,,5.7,,2200000.0,5400000.0,4900000.0,9400000.0,,,,,,,,,,,,,,,,,,,,,,,,,,,,,,,,,,,,
4158.0,,13.0,36.0,0.3,1.8,7.0,8.0,629.0,1035.0,15.0,29.0,1.2,,2.4,,6100.0,11000.0,35000.0,120000.0,,,,,,,,,,,,,,,,,,,,,,,,,,,,,,,,,,,,
10047.0,,25.0,32.0,0.3,0.3,6.3,7.2,1243.0,2670.0,9.0,192.0,0.32,,1.14,,20.0,2400.0,460.0,9200.0,,,,,,,,,,,,,,,,,,,,,,,,,,,,,,,,,,,,
10048.0,,25.0,32.0,0.3,0.3,6.6,7.5,1156.0,2300.0,13.0,69.0,0.32,,4.68,,40.0,1300.0,340.0,5400.0,,,,,,,,,,,,,,,,,,,,,,,,,,,,,,,,,,,,
10051.0,,25.0,32.0,0.3,0.3,6.8,7.2,985.0,1992.0,9.0,67.0,0.32,,7.2,,40.0,460.0,230.0,2200.0,,,,,,,,,,,,,,,,,,,,,,,,,,,,,,,,,,,,
10056.0,,25.0,29.0,0.3,1.2,6.7,7.5,624.0,1535.0,9.0,72.0,0.32,,3.65,,18.0,790.0,140.0,1700.0,,,,,,,,,,,,,,,,,,,,,,,,,,,,,,,,,,,,
3054.0,,25.0,31.0,3.3,6.4,8.0,11.4,881.0,1455.0,1.1,3.0,0.3,,3.02,,2.0,2.0,17.0,63.0,2.0,,2.0,,,,,,,,,,,,,,,,,,,,,,,,,,,,,,,,,
4665.0,,23.0,29.0,4.2,6.2,6.7,8.5,262.0,975.0,1.0,2.4,0.3,,2.2,,2.0,4.0,13.0,110.0,2.0,,2.0,,,,,,,,,,,,,,,,,,,,,,,,,,,,,,,,,
2354.0,,24.0,,,26.0,,,2.5,,,6.5,,,7.17,,,8.08,,,209.0,,,550.0,,,2.6,,,4.0,,,0.32,,,2.68,,,7.0,,,43.0,,,120.0,,,460.0,,,,,,,,
3051.0,,24.0,,,24.0,,,2.2,,,6.0,,,7.14,,,7.72,,,1130.0,,,1825.0,,,4.2,,,9.0,,,2.69,,,6.91,,,3.0,,,972.0,,,440.0,,,4800.0,,,2.0,,,410.0,,
4356.0,,26.0,,,29.0,,,5.1,,,8.2,,,7.35,,,8.43,,,260.0,,,509.0,,,1.7,,,3.4,,,0.39,,,2.23,,,3.0,,,15.0,,,93.0,,,460.0,,,,,,,,
4370.0,,18.0,,,30.0,,,3.5,,,7.7,,,7.36,,,8.47,,,202.0,,,2990.0,,,2.1,,,4.2,,,0.32,,,3.82,,,7.0,,,21.0,,,120.0,,,460.0,,,,,,,,
4374.0,,18.0,,,32.0,,,3.8,,,7.9,,,7.23,,,8.32,,,193.0,,,1797.0,,,1.9,,,5.6,,,0.52,,,2.73,,,4.0,,,21.0,,,120.0,,,460.0,,,,,,,,
1479.0,,,,,,,,,,,,,,7.0,,,7.8,,,,,,,,,,,,,,,0.3,,,0.9,,,,,,,,,,,,,,,,,,,,
2057.0,,,,,,,,0.3,,,0.3,,,7.2,,,7.51,,,,,,,,,60.0,,,70.0,,,,,,,,,380000.0,,,7000000.0,,,,,,,,,,,,,,
2265.0,,27.0,,,30.0,,,4.4,,,8.9,,,5.94,,,7.51,,,42.0,,,440.0,,,1.0,,,1.9,,,0.32,,,0.51,,,220.0,,,1400.0,,,270.0,,,2100.0,,,94.0,,,220.0,,
2266.0,,27.0,,,30.0,,,6.2,,,9.5,,,5.75,,,7.59,,,49.0,,,1002.0,,,1.0,,,1.9,,,0.32,,,1.34,,,170.0,,,1700.0,,,220.0,,,2400.0,,,23.0,,,350.0,,
2268.0,,27.0,,,30.0,,,4.1,,,7.5,,,6.14,,,7.6,,,90.0,,,44720.0,,,1.0,,,2.3,,,0.32,,,2.57,,,230.0,,,2300.0,,,330.0,,,3300.0,,,22.0,,,490.0,,
2073.0,,26.0,,,31.0,,,5.2,,,7.4,,,7.5,,,8.2,,,262.0,,,1600.0,,,1.0,,,2.0,,,0.4,,,0.74,,,2.0,,,4.0,,,6.0,,,21.0,,,,,,,,
2074.0,,27.0,,,35.0,,,6.9,,,8.1,,,7.88,,,8.4,,,350.0,,,540.0,,,1.0,,,1.1,,,0.3,,,0.4,,,2.0,,,46.0,,,20.0,,,110.0,,,,,,,,
4421.0,,23.0,,,29.0,,,7.1,,,8.3,,,7.13,,,8.46,,,305.0,,,528.0,,,1.0,,,1.0,,,0.32,,,1.17,,,2.0,,,4.0,,,11.0,,,27.0,,,,,,,,
1109.0,,,,,,,,6.9,,,6.9,,,7.06,,,7.06,,,307.0,,,307.0,,,4.2,,,4.2,,,0.3,,,0.3,,,,,,,,,100.0,,,100.0,,,,,,,,
1110.0,,,,,,,,6.0,,,8.6,,,6.71,,,8.46,,,265.0,,,386.0,,,3.8,,,4.6,,,0.3,,,0.3,,,100.0,,,4000.0,,,400.0,,,21200.0,,,,,,,,
1111.0,,,,,,,,7.0,,,8.1,,,7.17,,,7.83,,,261.0,,,2380.0,,,2.4,,,5.2,,,0.3,,,0.3,,,100.0,,,300.0,,,500.0,,,900.0,,,,,,,,
1112.0,,,,,,,,6.8,,,7.6,,,7.76,,,7.92,,,282.0,,,612.0,,,2.4,,,3.6,,,0.02,,,0.3,,,100.0,,,200.0,,,600.0,,,700.0,,,,,,,,
1114.0,,,,,,,,6.1,,,7.2,,,7.1,,,8.3,,,586.0,,,786.0,,,4.6,,,7.0,,,,,,,,,45.0,,,110.0,,,480.0,,,1200.0,,,,,,,,
1115.0,,,,,,,,7.2,,,7.2,,,7.77,,,7.77,,,281.0,,,281.0,,,3.2,,,3.2,,,0.3,,,0.3,,,200.0,,,200.0,,,800.0,,,800.0,,,,,,,,
1116.0,,,,,,,,7.2,,,8.0,,,7.27,,,7.9,,,256.0,,,302.0,,,1.2,,,4.2,,,0.3,,,0.3,,,300.0,,,6500.0,,,800.0,,,25300.0,,,,,,,,
1419.0,,16.0,,,32.0,,,4.7,,,5.5,,,7.2,,,7.9,,,850.0,,,1340.0,,,18.0,,,27.0,,,,,,,,,7000.0,,,9000.0,,,40000.0,,,64000.0,,,,,,,,
1886.0,,,,,,,,7.2,,,7.2,,,6.99,,,6.99,,,309.0,,,309.0,,,4.8,,,4.8,,,0.3,,,0.3,,,,,,,,,100.0,,,100.0,,,,,,,,
2056.0,,,,,,,,6.1,,,6.7,,,7.34,,,8.19,,,210.0,,,816.0,,,3.8,,,4.5,,,0.3,,,0.3,,,100.0,,,6900.0,,,800.0,,,9200.0,,,,,,,,
3034.0,,,,,,,,6.3,,,7.6,,,7.32,,,7.79,,,251.0,,,289.0,,,2.5,,,3.5,,,0.3,,,0.3,,,100.0,,,500.0,,,600.0,,,800.0,,,,,,,,
4858.0,,19.0,,,32.0,,,5.1,,,6.2,,,7.1,,,7.7,,,1510.0,,,1920.0,,,17.0,,,25.0,,,,,,,,,6700.0,,,9800.0,,,7000.0,,,92000.0,,,,,,,,
4859.0,,,,,,,,5.4,,,6.4,,,7.6,,,8.5,,,514.0,,,2260.0,,,5.7,,,31.0,,,,,,,,,580.0,,,86000.0,,,4200.0,,,150000.0,,,,,,,,
3461.0,,26.0,,,30.0,,,4.0,,,7.0,,,6.6,,,7.6,,,112.0,,,43880.0,,,1.0,,,3.7,,,0.3,,,0.6,,,630.0,,,3800.0,,,920.0,,,5400.0,,,10.0,,,230.0,,
3467.0,,25.0,,,29.0,,,0.8,,,6.6,,,6.6,,,9.3,,,175.0,,,14000.0,,,1.3,,,3.6,,,0.3,,,3.63,,,2300.0,,,112000.0,,,4600.0,,,140000.0,,,150.0,,,6300.0,,
3469.0,,26.0,,,30.0,,,3.5,,,6.3,,,6.3,,,8.8,,,72.0,,,175.0,,,1.3,,,3.8,,,0.3,,,0.64,,,1700.0,,,400000.0,,,5400.0,,,430000.0,,,150.0,,,4000.0,,
2836.0,,15.0,,,27.0,,,7.0,,,7.4,,,7.2,,,7.5,,,130.0,,,225.0,,,2.5,,,3.4,,,,,,,,,20.0,,,45.0,,,50.0,,,75.0,,,,,,,,
2428.0,,27.0,,,30.0,,,7.6,,,8.5,,,7.5,,,8.2,,,154.0,,,201.0,,,1.1,,,1.4,,,0.32,,,0.62,,,230.0,,,1300.0,,,2200.0,,,3500.0,,,,,,,,
2429.0,,26.0,,,29.0,,,7.2,,,7.9,,,7.2,,,8.1,,,150.0,,,189.0,,,1.1,,,1.7,,,0.45,,,0.72,,,4600.0,,,160000.0,,,17000.0,,,160000.0,,,,,,,,
2430.0,,23.0,,,32.0,,,2.2,,,10.0,,,6.9,,,8.5,,,166.0,,,447.0,,,1.2,,,3.7,,,0.32,,,1.44,,,220.0,,,24000.0,,,1400.0,,,54000.0,,,,,,,,
3950.0,,27.0,,,30.0,,,7.4,,,8.3,,,7.4,,,8.2,,,150.0,,,193.0,,,1.1,,,1.8,,,0.35,,,0.62,,,2700.0,,,13000.0,,,4000.0,,,92000.0,,,,,,,,
3951.0,,27.0,,,31.0,,,7.4,,,7.9,,,7.3,,,8.1,,,148.0,,,194.0,,,1.1,,,1.5,,,0.32,,,0.72,,,330.0,,,17000.0,,,330.0,,,54000.0,,,,,,,,
3952.0,,26.0,,,29.0,,,7.0,,,7.8,,,7.1,,,8.0,,,155.0,,,196.0,,,1.1,,,1.6,,,0.32,,,0.72,,,78.0,,,7900.0,,,210.0,,,35000.0,,,,,,,,
3958.0,,22.0,,,29.0,,,6.3,,,10.9,,,7.1,,,8.5,,,165.0,,,250.0,,,1.1,,,2.3,,,0.32,,,0.62,,,220.0,,,13000.0,,,490.0,,,28000.0,,,,,,,,
3959.0,,22.0,,,30.0,,,6.1,,,10.3,,,6.6,,,7.6,,,161.0,,,244.0,,,1.1,,,2.8,,,0.32,,,0.72,,,130.0,,,7000.0,,,1300.0,,,22000.0,,,,,,,,
3960.0,,23.0,,,33.0,,,5.4,,,7.1,,,7.2,,,8.5,,,162.0,,,238.0,,,1.1,,,2.4,,,0.32,,,0.38,,,330.0,,,2400.0,,,1100.0,,,7900.0,,,,,,,,
2932.0,,20.0,,,27.0,,,4.5,,,6.6,,,7.66,,,9.1,,,224.0,,,660.0,,,1.4,,,2.0,,,1.6,,,2.12,,,5.0,,,26.0,,,16.0,,,31.0,,,2.0,,,38.0,,
2933.0,,12.0,,,35.0,,,4.6,,,6.0,,,7.5,,,8.6,,,254.0,,,550.0,,,1.2,,,1.8,,,0.89,,,2.76,,,46.0,,,79.0,,,110.0,,,170.0,,,21.0,,,27.0,,
2934.0,,13.0,,,35.0,,,4.8,,,6.0,,,7.43,,,8.66,,,301.0,,,488.0,,,1.2,,,1.8,,,0.96,,,3.98,,,34.0,,,94.0,,,120.0,,,150.0,,,11.0,,,22.0,,
4773.0,,13.0,,,35.0,,,4.9,,,6.2,,,7.38,,,7.9,,,293.0,,,513.0,,,1.0,,,1.9,,,1.76,,,2.8,,,43.0,,,84.0,,,120.0,,,170.0,,,20.0,,,27.0,,
30022.0,,17.0,,,28.0,,,6.4,,,10.6,,,7.0,,,8.0,,,328.0,,,353.0,,,1.0,,,8.0,,,0.96,,,1.6,,,200.0,,,21000.0,,,2600.0,,,280000.0,,,33.0,,,79.0,,
10049.0,,28.0,,,32.0,,,0.3,,,0.3,,,6.76,,,7.36,,,897.0,,,1791.0,,,8.0,,,63.0,,,0.32,,,6.45,,,40.0,,,230.0,,,260.0,,,1300.0,,,,,,,,
10054.0,,25.0,,,32.0,,,0.3,,,0.3,,,6.59,,,7.59,,,797.0,,,1658.0,,,10.0,,,75.0,,,0.32,,,1.52,,,45.0,,,250.0,,,220.0,,,1400.0,,,,,,,,
1729.0,,18.0,,,33.0,,,1.1,,,1.6,,,5.55,,,6.71,,,303.0,,,476.0,,,48.0,,,88.0,,,19.4,,,43.1,,,920.0,,,2500.0,,,3800.0,,,6800.0,,,,,,,,
3387.0,,19.0,,,30.0,,,5.2,,,6.8,,,6.97,,,7.89,,,128.0,,,184.0,,,1.1,,,1.9,,,0.9,,,2.2,,,21.0,,,58.0,,,94.0,,,210.0,,,,,,,,
3388.0,,20.0,,,31.0,,,5.2,,,6.2,,,7.05,,,7.57,,,141.0,,,194.0,,,1.2,,,2.1,,,0.8,,,2.2,,,27.0,,,63.0,,,130.0,,,280.0,,,,,,,,
3389.0,,19.0,,,30.0,,,5.4,,,6.6,,,7.01,,,7.48,,,138.0,,,194.0,,,1.1,,,1.9,,,0.8,,,1.8,,,17.0,,,47.0,,,79.0,,,240.0,,,,,,,,
3390.0,,19.0,,,30.0,,,5.2,,,6.2,,,6.9,,,7.69,,,129.0,,,188.0,,,1.1,,,1.9,,,0.8,,,1.9,,,22.0,,,58.0,,,84.0,,,240.0,,,,,,,,
4198.0,,19.0,,,32.0,,,5.2,,,6.3,,,7.05,,,7.89,,,138.0,,,199.0,,,1.3,,,2.4,,,1.0,,,2.8,,,34.0,,,63.0,,,130.0,,,350.0,,,,,,,,
4199.0,,20.0,,,32.0,,,1.8,,,4.6,,,6.54,,,6.99,,,174.0,,,271.0,,,6.6,,,16.0,,,2.6,,,6.9,,,58.0,,,94.0,,,120.0,,,430.0,,,,,,,,
2512.0,,18.0,,,35.0,,,0.3,,,0.3,,,7.3,,,8.23,,,791.0,,,2713.0,,,15.3,,,67.0,,,0.3,,,0.3,,,230000.0,,,5400000.0,,,790000.0,,,9200000.0,,,130000.0,,,920000.0,,
2513.0,,23.0,,,33.0,,,0.3,,,0.9,,,7.14,,,7.65,,,743.0,,,998.0,,,41.2,,,140.0,,,0.3,,,0.7,,,7900000.0,,,54000000.0,,,13000000.0,,,92000000.0,,,490000.0,,,9200000.0,,
4369.0,25.0,,,32.0,,,5.8,,,7.2,,,6.8,,,7.9,,,249.0,,,482.0,,,1.2,,,2.6,,,0.3,,,2.1,,,3.0,,,14.0,,,21.0,,,150.0,,,,,,,,,
3052.0,22.0,,,25.0,,,0.3,,,1.8,,,6.9,,,7.9,,,1548.0,,,2280.0,,,17.8,,,37.0,,,5.5,,,8.8,,,440.0,,,470.0,,,2300.0,,,5200.0,,,21.0,,,240.0,,,
2355.0,24.0,,,26.0,,,3.4,,,6.4,,,6.7,,,7.8,,,488.0,,,19470.0,,,2.8,,,5.8,,,1.1,,,3.2,,,7.0,,,15.0,,,120.0,,,460.0,,,,,,,,,
3053.0,24.0,,,26.0,,,4.9,,,6.9,,,6.7,,,7.6,,,525.0,,,24500.0,,,2.4,,,3.6,,,0.8,,,3.3,,,3.0,,,20.0,,,75.0,,,460.0,,,4.0,,,4.0,,,
20004.0,,,,,,,6.4,,,7.2,,,6.5,,,7.6,,,574.0,,,1573.0,,,10.0,,,14.0,,,3.0,,,9.4,,,9.0,,,21.0,,,150.0,,,460.0,,,,,,,,,
2047.0,15.0,,,29.0,,,0.3,,,8.8,,,7.1,,,7.8,,,150.0,,,793.0,,,3.0,,,118.0,,,0.9,,,4.3,,,330.0,,,260000.0,,,1100.0,,,940000.0,,,,,,,,,
2048.0,14.0,,,30.0,,,0.3,,,2.8,,,7.5,,,7.9,,,756.0,,,900.0,,,35.0,,,254.0,,,1.5,,,3.2,,,70000.0,,,7000000.0,,,170000.0,,,70000000.0,,,,,,,,,
2049.0,14.0,,,32.0,,,0.3,,,0.3,,,7.0,,,7.9,,,784.0,,,1254.0,,,35.0,,,262.0,,,0.9,,,2.9,,,110000.0,,,1700000.0,,,220000.0,,,11000000.0,,,,,,,,,
5268.0,,,,,,,,,,,,,7.1,,,7.6,,,,,,,,,40.0,,,54.0,,,,,,,,,,,,,,,,,,,,,,,,,,,
1505.0,,,,,,,,,,,,,7.2,,,7.9,,,,,,,,,37.0,,,76.0,,,,,,,,,,,,,,,,,,,,,,,,,,,
1501.0,,,,,,,,,,,,,7.2,,,7.8,,,,,,,,,39.0,,,48.0,,,,,,,,,,,,,,,,,,,,,,,,,,,
1502.0,,,,,,,,,,,,,7.0,,,7.3,,,,,,,,,40.0,,,52.0,,,,,,,,,,,,,,,,,,,,,,,,,,,
5267.0,,,,,,,,,,,,,7.5,,,7.5,,,,,,,,,21.0,,,21.0,,,,,,,,,,,,,,,,,,,,,,,,,,,
5263.0,,,,,,,,,,,,,7.2,,,7.8,,,,,,,,,36.0,,,50.0,,,,,,,,,,,,,,,,,,,,,,,,,,,
5269.0,,,,,,,,,,,,,7.1,,,7.9,,,,,,,,,35.0,,,54.0,,,,,,,,,,,,,,,,,,,,,,,,,,,
5266.0,,,,,,,,,,,,,7.0,,,7.6,,,,,,,,,30.0,,,58.0,,,,,,,,,,,,,,,,,,,,,,,,,,,
5261.0,,,,,,,,,,,,,7.4,,,7.4,,,,,,,,,30.0,,,30.0,,,,,,,,,,,,,,,,,,,,,,,,,,,
5259.0,,,,,,,,,,,,,7.3,,,7.3,,,,,,,,,38.0,,,38.0,,,,,,,,,,,,,,,,,,,,,,,,,,,
1857.0,,,,,,,,,,,,,7.0,,,7.7,,,,,,,,,42.0,,,50.0,,,,,,,,,,,,,,,,,,,,,,,,,,,
5262.0,,,,,,,,,,,,,7.1,,,7.2,,,,,,,,,20.0,,,28.0,,,,,,,,,,,,,,,,,,,,,,,,,,,
5275.0,,,,,,,,,,,,,6.8,,,7.7,,,,,,,,,27.0,,,48.0,,,,,,,,,,,,,,,,,,,,,,,,,,,
1377.0,,,,,,,,,,,,,7.1,,,7.5,,,,,,,,,42.0,,,60.0,,,,,,,,,,,,,,,,,,,,,,,,,,,
5271.0,,,,,,,,,,,,,7.2,,,7.3,,,,,,,,,43.0,,,45.0,,,,,,,,,,,,,,,,,,,,,,,,,,,
5273.0,,,,,,,,,,,,,7.0,,,7.6,,,,,,,,,33.0,,,48.0,,,,,,,,,,,,,,,,,,,,,,,,,,,
1503.0,,,,,,,,,,,,,6.5,,,7.6,,,,,,,,,36.0,,,58.0,,,,,,,,,,,,,,,,,,,,,,,,,,,
1858.0,,,,,,,,,,,,,7.4,,,7.7,,,,,,,,,26.0,,,32.0,,,,,,,,,,,,,,,,,,,,,,,,,,,
1504.0,,,,,,,,,,,,,7.1,,,7.4,,,,,,,,,40.0,,,56.0,,,,,,,,,,,,,,,,,,,,,,,,,,,
1506.0,,,,,,,,,,,,,7.0,,,7.9,,,,,,,,,49.0,,,60.0,,,,,,,,,,,,,,,,,,,,,,,,,,,
5265.0,,,,,,,,,,,,,6.8,,,7.5,,,,,,,,,27.0,,,40.0,,,,,,,,,,,,,,,,,,,,,,,,,,,
5276.0,,,,,,,,,,,,,6.9,,,7.6,,,,,,,,,36.0,,,63.0,,,,,,,,,,,,,,,,,,,,,,,,,,,
5260.0,,,,,,,,,,,,,7.3,,,7.6,,,,,,,,,40.0,,,40.0,,,,,,,,,,,,,,,,,,,,,,,,,,,
5264.0,,,,,,,,,,,,,7.2,,,7.2,,,,,,,,,25.0,,,25.0,,,,,,,,,,,,,,,,,,,,,,,,,,,
5270.0,,,,,,,,,,,,,7.0,,,7.8,,,,,,,,,32.0,,,64.0,,,,,,,,,,,,,,,,,,,,,,,,,,,
3041.0,,,,,,,7.1,,,7.1,,,6.9,,,7.5,,,,,,,,,6.5,,,6.5,,,0.3,,,0.7,,,5500.0,,,5500.0,,,,,,,,,,,,,,,
3042.0,,,,,,,,,,,,,7.1,,,7.5,,,,,,,,,,,,,,,0.3,,,0.3,,,,,,,,,,,,,,,,,,,,,
3043.0,,,,,,,,,,,,,6.9,,,7.5,,,,,,,,,,,,,,,0.3,,,0.7,,,,,,,,,,,,,,,,,,,,,
3044.0,,,,,,,,,,,,,7.1,,,7.6,,,,,,,,,,,,,,,0.3,,,0.4,,,,,,,,,,,,,,,,,,,,,
3045.0,,,,,,,,,,,,,7.1,,,7.8,,,,,,,,,,,,,,,0.3,,,0.6,,,,,,,,,,,,,,,,,,,,,
3046.0,,,,,,,,,,,,,7.1,,,7.7,,,,,,,,,,,,,,,0.3,,,0.6,,,,,,,,,,,,,,,,,,,,,
20013.0,29.0,,,29.0,,,,,,,,,7.0,,,7.9,,,,,,,,,5.6,,,40.0,,,,,,,,,2.0,,,2400.0,,,2.0,,,5400.0,,,2.0,,,350.0,,,
20015.0,27.0,,,30.0,,,,,,,,,7.5,,,7.9,,,,,,,,,6.0,,,25.0,,,,,,,,,1600.0,,,1600.0,,,1600.0,,,1600.0,,,,,,,,,
20016.0,27.0,,,30.0,,,,,,,,,6.8,,,7.8,,,,,,,,,8.0,,,34.0,,,,,,,,,1600.0,,,1600.0,,,1600.0,,,1600.0,,,,,,,,,
4860.0,,,,,,,5.6,,,5.9,,,7.6,,,8.2,,,830.0,,,984.0,,,8.0,,,11.0,,,,,,,,,1500.0,,,7200.0,,,4200.0,,,13000.0,,,1100.0,,,2800.0,,,
4861.0,22.0,,,30.0,,,7.0,,,7.7,,,7.0,,,7.8,,,1010.0,,,1210.0,,,1.0,,,1.0,,,0.3,,,0.3,,,80.0,,,160.0,,,1900.0,,,2900.0,,,2.0,,,2.0,,,
3047.0,26.0,,,32.0,,,7.0,,,7.3,,,7.2,,,8.0,,,1120.0,,,1640.0,,,1.0,,,1.0,,,0.3,,,0.3,,,110.0,,,310.0,,,2700.0,,,5100.0,,,2.0,,,2.0,,,
3048.0,31.0,,,31.0,,,6.8,,,6.8,,,7.2,,,7.2,,,1560.0,,,1560.0,,,1.0,,,1.0,,,,,,,,,,,,,,,,,,,,,,,,,,,
4464.0,12.0,,,29.0,,,8.2,,,9.3,,,6.9,,,8.2,,,286.0,,,470.0,,,1.0,,,1.0,,,0.3,,,2.6,,,22.0,,,84.0,,,130.0,,,540.0,,,2.0,,,2.0,,,
3868.0,1.0,,,13.0,,,7.5,,,8.9,,,6.8,,,8.0,,,50.0,,,106.0,,,1.0,,,1.0,,,0.3,,,0.7,,,21.0,,,58.0,,,58.0,,,280.0,,,2.0,,,2.0,,,
3881.0,12.0,,,28.0,,,3.9,,,6.1,,,7.6,,,8.0,,,678.0,,,5130.0,,,1.0,,,20.0,,,1.2,,,10.9,,,2.0,,,1600.0,,,26.0,,,1600.0,,,2.0,,,11.0,,,
3879.0,11.0,,,26.0,,,0.3,,,6.2,,,7.1,,,8.1,,,670.0,,,7530.0,,,1.2,,,90.0,,,0.6,,,7.2,,,7.0,,,1600.0,,,130.0,,,1600.0,,,2.0,,,1600.0,,,
4425.0,8.0,,,15.0,,,7.8,,,9.2,,,7.5,,,8.3,,,102.0,,,231.0,,,1.0,,,1.0,,,0.3,,,4.0,,,7.0,,,70.0,,,26.0,,,1600.0,,,2.0,,,70.0,,,
4463.0,9.0,,,19.0,,,7.1,,,8.2,,,7.9,,,8.4,,,114.0,,,766.0,,,1.0,,,1.0,,,0.3,,,2.2,,,9.0,,,39.0,,,20.0,,,1600.0,,,2.0,,,2.0,,,
4474.0,8.0,,,13.0,,,9.4,,,9.6,,,7.6,,,8.3,,,97.0,,,347.0,,,1.0,,,1.0,,,0.4,,,1.4,,,2.0,,,170.0,,,7.0,,,1600.0,,,2.0,,,2.0,,,
4481.0,19.0,,,28.0,,,7.6,,,8.5,,,6.6,,,7.9,,,278.0,,,680.0,,,1.0,,,2.3,,,0.3,,,8.5,,,2.0,,,6.0,,,21.0,,,47.0,,,2.0,,,2.0,,,
5253.0,5.0,,,18.0,,,7.3,,,8.3,,,7.1,,,8.5,,,60.0,,,155.0,,,1.0,,,1.0,,,0.3,,,0.7,,,31.0,,,94.0,,,140.0,,,540.0,,,2.0,,,2.0,,,
4426.0,8.0,,,14.0,,,7.6,,,9.3,,,7.6,,,8.3,,,92.0,,,156.0,,,1.0,,,1.0,,,0.3,,,1.0,,,2.0,,,130.0,,,2.0,,,1600.0,,,2.0,,,50.0,,,
4454.0,8.0,,,15.0,,,8.8,,,9.4,,,7.5,,,8.3,,,110.0,,,485.0,,,1.0,,,1.0,,,0.4,,,5.3,,,2.0,,,20.0,,,23.0,,,3500.0,,,2.0,,,2.0,,,
4466.0,8.0,,,15.0,,,8.8,,,9.4,,,7.5,,,8.4,,,112.0,,,524.0,,,1.0,,,1.0,,,0.4,,,4.2,,,2.0,,,20.0,,,33.0,,,3500.0,,,2.0,,,2.0,,,
5257.0,10.0,,,16.0,,,8.5,,,9.1,,,7.0,,,8.1,,,125.0,,,282.0,,,1.0,,,1.0,,,0.5,,,2.0,,,2.0,,,22.0,,,47.0,,,1600.0,,,2.0,,,2.0,,,
4477.0,2.0,,,18.0,,,7.8,,,8.8,,,7.2,,,8.0,,,67.0,,,230.0,,,1.0,,,1.0,,,0.3,,,2.9,,,32.0,,,110.0,,,140.0,,,920.0,,,2.0,,,2.0,,,
4455.0,8.0,,,13.0,,,9.0,,,9.5,,,7.0,,,8.2,,,77.0,,,496.0,,,1.0,,,1.0,,,0.3,,,1.7,,,2.0,,,40.0,,,94.0,,,3500.0,,,2.0,,,2.0,,,
4482.0,19.0,,,28.0,,,7.5,,,8.5,,,6.5,,,8.1,,,312.0,,,689.0,,,1.0,,,2.1,,,0.3,,,1.6,,,2.0,,,4.0,,,17.0,,,70.0,,,2.0,,,2.0,,,
4036.0,10.0,,,15.0,,,7.4,,,7.8,,,7.9,,,8.4,,,231.0,,,3640.0,,,1.0,,,1.8,,,1.2,,,5.3,,,2.0,,,12.0,,,21.0,,,350.0,,,2.0,,,2.0,,,
4430.0,9.0,,,23.0,,,6.4,,,8.1,,,5.9,,,8.3,,,83.0,,,828.0,,,1.5,,,12.0,,,0.3,,,6.9,,,17.0,,,350.0,,,540.0,,,1600.0,,,7.0,,,140.0,,,
4475.0,8.0,,,13.0,,,9.3,,,9.7,,,7.5,,,8.3,,,116.0,,,359.0,,,1.0,,,1.0,,,0.3,,,2.3,,,7.0,,,170.0,,,21.0,,,1600.0,,,2.0,,,2.0,,,
4476.0,3.0,,,12.0,,,8.0,,,9.2,,,6.6,,,8.5,,,33.0,,,76.0,,,1.0,,,1.0,,,0.3,,,0.7,,,26.0,,,140.0,,,84.0,,,540.0,,,2.0,,,2.0,,,
3863.0,,,,,,,5.0,,,6.0,,,7.2,,,8.3,,,763.0,,,1819.0,,,2.7,,,5.5,,,0.6,,,2.1,,,140.0,,,2400.0,,,540.0,,,9200.0,,,2.0,,,2.0,,,
3865.0,,,,,,,7.2,,,8.8,,,7.7,,,8.2,,,330.0,,,662.0,,,1.1,,,2.9,,,0.6,,,0.9,,,26.0,,,220.0,,,170.0,,,540.0,,,2.0,,,2.0,,,
4034.0,8.0,,,15.0,,,8.8,,,9.7,,,7.6,,,8.2,,,130.0,,,286.0,,,1.0,,,1.0,,,0.5,,,3.1,,,2.0,,,68.0,,,94.0,,,5400.0,,,2.0,,,2.0,,,
4035.0,8.0,,,14.0,,,8.5,,,9.7,,,7.5,,,8.2,,,129.0,,,292.0,,,1.0,,,1.0,,,0.6,,,2.6,,,2.0,,,93.0,,,63.0,,,9200.0,,,2.0,,,2.0,,,
4462.0,9.0,,,19.0,,,7.0,,,8.2,,,7.6,,,8.4,,,104.0,,,682.0,,,1.0,,,1.0,,,0.3,,,2.6,,,5.0,,,34.0,,,26.0,,,1600.0,,,2.0,,,2.0,,,
3861.0,,,,,,,7.2,,,8.7,,,7.4,,,8.4,,,328.0,,,758.0,,,1.4,,,2.8,,,0.5,,,0.9,,,49.0,,,280.0,,,220.0,,,920.0,,,2.0,,,2.0,,,
3867.0,3.0,,,18.0,,,7.6,,,8.5,,,7.2,,,7.9,,,110.0,,,218.0,,,1.0,,,1.0,,,0.3,,,1.6,,,22.0,,,150.0,,,79.0,,,540.0,,,2.0,,,2.0,,,
1870.0,8.0,,,11.0,,,4.3,,,8.7,,,7.4,,,8.3,,,253.0,,,1284.0,,,1.0,,,26.0,,,0.5,,,15.7,,,2.0,,,1600.0,,,21.0,,,1600.0,,,2.0,,,12.0,,,
3875.0,7.0,,,9.0,,,7.2,,,8.8,,,7.7,,,8.3,,,223.0,,,853.0,,,1.0,,,7.5,,,2.8,,,10.4,,,2.0,,,33.0,,,24.0,,,540.0,,,2.0,,,2.0,,,
4480.0,6.0,,,8.0,,,6.8,,,8.5,,,7.7,,,8.3,,,221.0,,,824.0,,,1.0,,,2.6,,,1.9,,,8.8,,,2.0,,,24.0,,,26.0,,,350.0,,,2.0,,,2.0,,,
4029.0,,,,,,,7.0,,,8.7,,,7.2,,,8.3,,,290.0,,,774.0,,,1.4,,,3.0,,,0.7,,,0.9,,,46.0,,,220.0,,,280.0,,,540.0,,,2.0,,,2.0,,,
4082.0,12.0,,,26.0,,,5.2,,,6.5,,,7.6,,,8.5,,,94.0,,,240.0,,,2.0,,,2.1,,,,,,,,,,,,,,,,,,,,,,,,,,,
5172.0,,,,,,,2.0,,,7.6,,,6.5,,,7.8,,,,,,,,,1.0,,,2.8,,,,,,,,,34.0,,,350.0,,,,,,,,,,,,,,,
20017.0,,,,,,,,,,,,,7.5,,,8.9,,,,,,,,,20.0,,,30.0,,,,,,,,,,,,,,,,,,,,,,,,,,,
2789.0,26.0,,,36.0,,,4.4,,,5.2,,,7.2,,,8.1,,,1245.0,,,1750.0,,,7.2,,,13.0,,,0.3,,,2.4,,,20.0,,,150.0,,,150.0,,,900.0,,,7.0,,,35.0,,,
2785.0,26.0,,,26.0,,,0.3,,,4.2,,,6.4,,,8.1,,,3758.0,,,28540.0,,,9.0,,,180.0,,,1.6,,,27.7,,,2.0,,,130.0,,,26.0,,,920.0,,,,,,,,,
2178.0,20.0,,,29.0,,,0.3,,,6.0,,,7.4,,,8.0,,,762.0,,,1066.0,,,3.0,,,18.0,,,0.7,,,4.9,,,4.0,,,170.0,,,45.0,,,180.0,,,2.0,,,2.0,,,
2783.0,26.0,,,32.0,,,0.3,,,5.2,,,7.0,,,7.8,,,519.0,,,10830.0,,,1.0,,,75.0,,,0.4,,,6.5,,,170.0,,,92000.0,,,920.0,,,160000.0,,,,,,,,,
2790.0,26.0,,,31.0,,,7.0,,,7.9,,,6.0,,,7.2,,,245.0,,,5476.0,,,1.8,,,3.0,,,0.3,,,1.7,,,6.0,,,11.0,,,21.0,,,43.0,,,2.0,,,2.0,,,
2782.0,20.0,,,29.0,,,0.3,,,4.4,,,7.0,,,7.9,,,328.0,,,5507.0,,,1.0,,,115.0,,,0.4,,,4.9,,,130.0,,,3500.0,,,540.0,,,92000.0,,,,,,,,,
2784.0,20.0,,,30.0,,,0.3,,,4.4,,,7.1,,,7.8,,,553.0,,,7738.0,,,1.0,,,160.0,,,0.4,,,3.7,,,170.0,,,16000.0,,,540.0,,,16000.0,,,,,,,,,
2786.0,26.0,,,26.0,,,1.5,,,4.5,,,7.2,,,7.5,,,1569.0,,,3557.0,,,8.0,,,36.0,,,1.3,,,14.1,,,2.0,,,130.0,,,22.0,,,540.0,,,,,,,,,
2787.0,26.0,,,26.0,,,0.3,,,4.4,,,6.6,,,7.8,,,1326.0,,,5574.0,,,7.0,,,145.0,,,1.1,,,2.7,,,2.0,,,130.0,,,33.0,,,540.0,,,,,,,,,
2788.0,26.0,,,26.0,,,0.3,,,4.5,,,7.2,,,7.8,,,1416.0,,,3728.0,,,7.0,,,84.0,,,2.0,,,6.5,,,13.0,,,220.0,,,70.0,,,920.0,,,,,,,,,
3934.0,20.0,,,23.0,,,4.3,,,8.6,,,7.1,,,8.0,,,146.0,,,890.0,,,1.3,,,2.1,,,0.3,,,20.2,,,13.0,,,1300.0,,,49.0,,,3500.0,,,,,,,,,
3923.0,23.0,,,31.0,,,1.2,,,6.8,,,6.9,,,7.7,,,328.0,,,717.0,,,4.3,,,8.0,,,0.3,,,9.7,,,3300.0,,,54000.0,,,7900.0,,,160000.0,,,13.0,,,350.0,,,
3939.0,19.0,,,31.0,,,6.1,,,7.3,,,6.7,,,7.9,,,118.0,,,175.0,,,1.1,,,1.8,,,0.3,,,2.7,,,210.0,,,1700.0,,,1100.0,,,4900.0,,,,,,,,,
20019.0,,,,,,,,,,,,,7.5,,,7.9,,,,,,,,,4.5,,,27.0,,,,,,,,,45.0,,,160000.0,,,130.0,,,160000.0,,,,,,,,,
20020.0,,,,,,,,,,,,,6.8,,,7.5,,,,,,,,,23.0,,,80.0,,,,,,,,,160000.0,,,160000.0,,,160000.0,,,160000.0,,,,,,,,,
2914.0,11.0,,,29.0,,,0.3,,,0.3,,,7.2,,,7.6,,,1169.0,,,1941.0,,,70.0,,,180.0,,,3.2,,,14.0,,,940000.0,,,4100000.0,,,2800000.0,,,16000000.0,,,,,,,,,
2906.0,10.0,,,38.0,,,0.3,,,1.4,,,7.6,,,8.0,,,4641.0,,,5551.0,,,119.0,,,163.0,,,3.8,,,7.9,,,84000.0,,,170000.0,,,280000.0,,,430000.0,,,,,,,,,
2907.0,11.0,,,29.0,,,0.3,,,0.3,,,7.1,,,8.1,,,995.0,,,1628.0,,,32.0,,,160.0,,,2.7,,,6.2,,,23000.0,,,230000.0,,,84000.0,,,630000.0,,,,,,,,,
2908.0,9.0,,,36.0,,,0.3,,,1.5,,,6.6,,,7.9,,,1225.0,,,2691.0,,,23.0,,,76.0,,,1.4,,,6.3,,,7800.0,,,120000.0,,,94000.0,,,420000.0,,,,,,,,,
2909.0,11.0,,,40.0,,,0.3,,,1.5,,,7.3,,,8.0,,,1712.0,,,2893.0,,,51.0,,,92.0,,,1.9,,,4.8,,,21000.0,,,120000.0,,,110000.0,,,350000.0,,,,,,,,,
2910.0,10.0,,,29.0,,,0.3,,,0.3,,,7.1,,,8.3,,,1370.0,,,3191.0,,,82.0,,,247.0,,,3.2,,,6.8,,,40000.0,,,460000.0,,,170000.0,,,840000.0,,,,,,,,,
4158.0,9.0,,,36.0,,,0.3,,,2.8,,,7.3,,,8.2,,,983.0,,,4261.0,,,19.0,,,38.0,,,0.9,,,3.9,,,3200.0,,,17000.0,,,24000.0,,,70000.0,,,,,,,,,
20021.0,,,,,,,,,,,,,7.1,,,7.6,,,,,,,,,14.0,,,38.0,,,,,,,,,790.0,,,2100.0,,,,,,,,,,,,,,,
20022.0,,,,,,,,,,,,,7.1,,,8.0,,,,,,,,,6.0,,,22.0,,,,,,,,,120.0,,,2100.0,,,,,,,,,,,,,,,
20023.0,,,,,,,,,,,,,7.1,,,7.7,,,,,,,,,5.0,,,12.0,,,,,,,,,92.0,,,700.0,,,,,,,,,,,,,,,
20024.0,,,,,,,,,,,,,7.0,,,7.6,,,,,,,,,6.0,,,11.0,,,,,,,,,130.0,,,4000.0,,,390.0,,,17000.0,,,,,,,,,
20025.0,,,,,,,,,,,,,6.8,,,7.9,,,,,,,,,13.0,,,28.0,,,,,,,,,210.0,,,14000.0,,,,,,,,,,,,,,,
20026.0,,,,,,,,,,,,,7.3,,,12.0,,,,,,,,,6.0,,,23.0,,,,,,,,,2.0,,,1700.0,,,,,,,,,,,,,,,
20027.0,,,,,,,,,,,,,7.0,,,7.5,,,,,,,,,18.0,,,38.0,,,,,,,,,630.0,,,1400.0,,,,,,,,,,,,,,,
20028.0,,,,,,,,,,,,,7.1,,,7.8,,,,,,,,,18.0,,,36.0,,,,,,,,,840.0,,,63000.0,,,,,,,,,,,,,,,
10047.0,29.0,,,32.0,,,0.3,,,1.0,,,6.2,,,7.2,,,1328.0,,,2980.0,,,18.0,,,430.0,,,0.3,,,14.7,,,130.0,,,400.0,,,1400.0,,,2800.0,,,,,,,,,
10048.0,28.0,,,33.0,,,0.3,,,1.2,,,6.6,,,7.2,,,1293.0,,,2350.0,,,14.0,,,69.0,,,0.3,,,12.0,,,120.0,,,790.0,,,940.0,,,3500.0,,,,,,,,,
10051.0,26.0,,,33.0,,,0.3,,,1.4,,,6.7,,,7.3,,,1141.0,,,2240.0,,,15.0,,,28.0,,,0.3,,,16.0,,,37.0,,,410.0,,,580.0,,,2800.0,,,,,,,,,
10056.0,28.0,,,32.0,,,0.3,,,1.0,,,6.6,,,6.8,,,951.0,,,1895.0,,,20.6,,,216.0,,,0.3,,,8.0,,,68.0,,,1400.0,,,700.0,,,1700.0,,,,,,,,,
20032.0,27.0,,,31.0,,,,,,,,,7.7,,,10.2,,,,,,,,,2.0,,,8.0,,,,,,,,,2.0,,,61.0,,,120.0,,,460.0,,,,,,,,,
20033.0,28.0,,,33.0,,,,,,,,,7.0,,,7.3,,,,,,,,,2.0,,,5.0,,,,,,,,,2.0,,,45.0,,,92.0,,,580.0,,,,,,,,,
20034.0,29.0,,,33.0,,,,,,,,,7.0,,,7.4,,,,,,,,,6.0,,,16.0,,,,,,,,,2.0,,,40.0,,,140.0,,,460.0,,,,,,,,,
20035.0,27.0,,,32.0,,,,,,,,,6.7,,,7.5,,,,,,,,,4.0,,,8.0,,,,,,,,,2.0,,,55.0,,,93.0,,,330.0,,,,,,,,,
20038.0,29.0,,,36.0,,,0.3,,,2.9,,,7.7,,,7.9,,,1021.0,,,1266.0,,,10.0,,,15.0,,,0.3,,,0.9,,,21.0,,,1400.0,,,39.0,,,2100.0,,,,,,,,,
20041.0,30.0,,,34.0,,,0.3,,,0.9,,,7.3,,,8.2,,,1647.0,,,2200.0,,,26.0,,,105.0,,,0.3,,,2.5,,,18.0,,,17000.0,,,37.0,,,92000.0,,,,,,,,,
20042.0,26.0,,,35.0,,,0.3,,,5.8,,,7.3,,,8.5,,,1091.0,,,1386.0,,,12.0,,,54.0,,,0.3,,,4.5,,,14.0,,,2600.0,,,17.0,,,9400.0,,,,,,,,,
20043.0,23.0,,,30.0,,,0.3,,,0.3,,,7.5,,,8.7,,,1072.0,,,1379.0,,,23.0,,,124.0,,,0.3,,,11.4,,,240.0,,,3900.0,,,1100.0,,,17000.0,,,,,,,,,
20044.0,25.0,,,30.0,,,0.3,,,0.3,,,7.3,,,7.8,,,1046.0,,,1336.0,,,6.0,,,58.0,,,0.3,,,1.2,,,2200.0,,,21000.0,,,7000.0,,,70000.0,,,,,,,,,
20045.0,27.0,,,28.0,,,0.3,,,0.3,,,7.0,,,7.5,,,1016.0,,,1194.0,,,13.0,,,32.0,,,,,,,,,480.0,,,830.0,,,940.0,,,1700.0,,,,,,,,,
20046.0,25.0,,,39.0,,,0.3,,,6.0,,,6.7,,,7.9,,,1357.0,,,1563.0,,,4.0,,,18.0,,,0.3,,,1.0,,,2.0,,,11000.0,,,2.0,,,22000.0,,,2.0,,,2.0,,,
20047.0,26.0,,,32.0,,,0.3,,,0.3,,,7.4,,,7.9,,,1289.0,,,1482.0,,,6.0,,,86.0,,,0.3,,,1.3,,,1700.0,,,26000.0,,,3400.0,,,94000.0,,,,,,,,,
3054.0,25.0,,,29.0,,,1.6,,,6.0,,,8.5,,,11.2,,,599.0,,,1043.0,,,1.0,,,5.4,,,0.9,,,3.8,,,2.0,,,17.0,,,17.0,,,280.0,,,2.0,,,2.0,,,
4665.0,25.0,,,28.0,,,2.8,,,6.1,,,7.5,,,8.8,,,522.0,,,856.0,,,1.8,,,3.2,,,0.4,,,17.0,,,2.0,,,2.0,,,26.0,,,58.0,,,2.0,,,2.0,,,
3055.0,25.0,,,31.0,,,0.9,,,4.6,,,6.9,,,8.2,,,1322.0,,,1659.0,,,4.4,,,30.0,,,4.2,,,8.0,,,4.0,,,46.0,,,220.0,,,920.0,,,2.0,,,6.0,,,
3056.0,25.0,,,32.0,,,2.1,,,5.3,,,7.0,,,8.4,,,1277.0,,,2074.0,,,8.0,,,36.0,,,,,,,,,2.0,,,17.0,,,280.0,,,1600.0,,,,,,,,,
3057.0,26.0,,,30.0,,,2.4,,,5.6,,,7.0,,,8.1,,,821.0,,,1327.0,,,11.0,,,33.0,,,,,,,,,2.0,,,32.0,,,2.0,,,920.0,,,2.0,,,2.0,,,
3058.0,26.0,,,28.0,,,3.8,,,4.8,,,7.0,,,7.9,,,958.0,,,1253.0,,,6.0,,,22.0,,,,,,,,,2.0,,,12.0,,,84.0,,,540.0,,,,,,,,,
3059.0,26.0,,,30.0,,,3.8,,,5.2,,,7.1,,,7.5,,,1153.0,,,2032.0,,,6.0,,,21.0,,,,,,,,,20.0,,,25.0,,,210.0,,,920.0,,,,,,,,,
3060.0,26.0,,,29.0,,,2.9,,,4.1,,,7.0,,,7.4,,,1173.0,,,1670.0,,,15.0,,,29.0,,,,,,,,,2.0,,,32.0,,,150.0,,,1600.0,,,,,,,,,
3061.0,26.0,,,28.0,,,3.5,,,4.5,,,7.2,,,8.0,,,1419.0,,,1715.0,,,10.0,,,29.0,,,,,,,,,2.0,,,39.0,,,2.0,,,540.0,,,2.0,,,2.0,,,
3062.0,25.0,,,30.0,,,3.1,,,4.3,,,7.0,,,8.2,,,1317.0,,,1590.0,,,8.0,,,42.0,,,,,,,,,4.0,,,17.0,,,49.0,,,920.0,,,,,,,,,
3050.0,18.0,,,26.0,,,0.3,,,11.0,,,7.1,,,7.5,,,160.0,,,201.0,,,1.0,,,1.0,,,0.3,,,0.3,,,2.0,,,2.0,,,2.0,,,2.0,,,2.0,,,2.0,,,
