"AlertId","OrgId","Level","Message","CreatedAt","Acknowledged"
"alert-1","org-9","warning","Test alert message 6966","2025-08-22T07:42:35.3943978+05:30","True"
"alert-2","org-3","warning","Test alert message 1217","2025-10-10T07:31:11.3949421+05:30","False"
"alert-3","org-7","critical","Test alert message 2025","2025-08-27T07:52:07.3960423+05:30","False"
"alert-4","org-8","warning","Test alert message 8045","2025-09-03T09:47:56.3967787+05:30","False"
"alert-5","org-3","critical","Test alert message 8579","2025-09-11T18:21:23.3979272+05:30","False"
"alert-6","org-6","warning","Test alert message 6593","2025-10-16T07:04:57.3985186+05:30","True"
"alert-7","org-2","critical","Test alert message 7523","2025-08-29T15:38:00.3990712+05:30","False"
"alert-8","org-6","info","Test alert message 2031","2025-10-13T01:43:20.4002497+05:30","False"
"alert-9","org-8","info","Test alert message 6489","2025-08-23T05:35:38.4013664+05:30","False"
"alert-10","org-9","info","Test alert message 5475","2025-10-17T12:14:30.4019199+05:30","True"
"alert-11","org-2","warning","Test alert message 4411","2025-11-03T08:02:59.4024663+05:30","False"
"alert-12","org-3","info","Test alert message 818","2025-10-15T12:27:00.4035676+05:30","False"
"alert-13","org-9","info","Test alert message 4994","2025-08-17T18:35:17.4041249+05:30","True"
"alert-14","org-2","critical","Test alert message 8656","2025-09-24T14:19:49.4046973+05:30","True"
"alert-15","org-4","warning","Test alert message 3655","2025-08-29T05:02:30.4052423+05:30","False"
"alert-16","org-7","warning","Test alert message 9219","2025-09-11T07:50:46.4073850+05:30","True"
"alert-17","org-8","info","Test alert message 8141","2025-08-26T14:19:23.4079290+05:30","False"
"alert-18","org-5","info","Test alert message 7060","2025-09-26T06:23:26.4079290+05:30","False"
"alert-19","org-10","info","Test alert message 6178","2025-10-19T18:38:53.4089432+05:30","False"
"alert-20","org-2","critical","Test alert message 1655","2025-09-07T16:04:22.4099902+05:30","False"
"alert-21","org-3","warning","Test alert message 8160","2025-11-09T20:36:45.4110840+05:30","False"
"alert-22","org-6","critical","Test alert message 2160","2025-09-05T01:46:47.4116837+05:30","True"
"alert-23","org-5","warning","Test alert message 6917","2025-09-01T22:04:31.4126990+05:30","True"
"alert-24","org-4","warning","Test alert message 1221","2025-10-20T00:15:50.4126990+05:30","False"
"alert-25","org-1","info","Test alert message 5792","2025-09-30T12:58:58.4136976+05:30","False"
"alert-26","org-3","critical","Test alert message 6465","2025-10-15T12:43:49.4146966+05:30","True"
"alert-27","org-7","warning","Test alert message 5885","2025-11-12T15:01:15.4146966+05:30","False"
"alert-28","org-1","warning","Test alert message 4292","2025-10-22T19:14:07.4146966+05:30","True"
"alert-29","org-8","info","Test alert message 1521","2025-08-29T11:07:14.4168270+05:30","True"
"alert-30","org-7","info","Test alert message 2326","2025-09-02T21:37:52.4184323+05:30","True"
"alert-31","org-10","info","Test alert message 5277","2025-09-19T14:49:24.4194291+05:30","False"
"alert-32","org-9","info","Test alert message 182","2025-09-20T00:32:46.4205636+05:30","False"
"alert-33","org-7","critical","Test alert message 5522","2025-10-06T02:10:47.4205636+05:30","False"
"alert-34","org-3","critical","Test alert message 8972","2025-08-18T23:28:56.4220303+05:30","False"
"alert-35","org-7","warning","Test alert message 6965","2025-08-21T01:52:47.4225432+05:30","False"
"alert-36","org-6","info","Test alert message 8234","2025-08-26T11:19:21.4231130+05:30","False"
"alert-37","org-4","info","Test alert message 3814","2025-11-06T03:49:18.4242668+05:30","False"
"alert-38","org-1","critical","Test alert message 4200","2025-08-20T11:20:07.4265308+05:30","False"
"alert-39","org-10","critical","Test alert message 7554","2025-09-29T11:30:05.4276180+05:30","True"
"alert-40","org-3","warning","Test alert message 4301","2025-08-24T00:28:59.4276180+05:30","True"
"alert-41","org-1","info","Test alert message 3933","2025-10-01T18:56:32.4286327+05:30","False"
"alert-42","org-10","warning","Test alert message 4895","2025-09-14T08:38:28.4286327+05:30","True"
"alert-43","org-4","info","Test alert message 2862","2025-09-02T14:34:00.4296316+05:30","False"
"alert-44","org-2","info","Test alert message 6886","2025-11-07T05:20:03.4308580+05:30","False"
"alert-45","org-4","warning","Test alert message 8328","2025-09-13T09:08:21.4318600+05:30","False"
"alert-46","org-7","critical","Test alert message 395","2025-08-25T19:30:21.4324587+05:30","False"
"alert-47","org-6","info","Test alert message 5837","2025-09-06T18:13:38.4324587+05:30","True"
"alert-48","org-10","info","Test alert message 8626","2025-10-31T14:02:24.4334709+05:30","False"
"alert-49","org-6","critical","Test alert message 3727","2025-09-24T02:53:01.4344759+05:30","False"
"alert-50","org-10","warning","Test alert message 3350","2025-11-13T13:05:12.4344759+05:30","False"
"alert-51","org-2","warning","Test alert message 20","2025-08-25T13:07:18.4354755+05:30","False"
"alert-52","org-10","critical","Test alert message 7952","2025-10-10T17:39:30.4360378+05:30","True"
"alert-53","org-10","critical","Test alert message 5359","2025-11-04T17:31:51.4370916+05:30","False"
"alert-54","org-1","critical","Test alert message 9850","2025-09-19T18:41:31.4376302+05:30","True"
"alert-55","org-1","warning","Test alert message 7066","2025-09-19T17:12:11.4382138+05:30","True"
"alert-56","org-1","warning","Test alert message 2655","2025-10-04T05:07:05.4393869+05:30","True"
"alert-57","org-6","critical","Test alert message 2228","2025-10-13T23:35:20.4399215+05:30","False"
"alert-58","org-4","info","Test alert message 8635","2025-10-03T21:01:30.4410564+05:30","False"
"alert-59","org-1","warning","Test alert message 6217","2025-11-09T03:03:18.4410564+05:30","False"
"alert-60","org-10","critical","Test alert message 6192","2025-10-16T05:22:50.4420751+05:30","False"
"alert-61","org-2","critical","Test alert message 9861","2025-11-03T09:18:41.4430751+05:30","True"
"alert-62","org-1","warning","Test alert message 6985","2025-08-26T17:06:02.4430751+05:30","True"
"alert-63","org-1","info","Test alert message 1173","2025-09-08T04:37:37.4440720+05:30","False"
"alert-64","org-9","critical","Test alert message 3026","2025-11-03T08:12:13.4450766+05:30","False"
"alert-65","org-8","info","Test alert message 7413","2025-09-27T10:20:44.4460763+05:30","False"
"alert-66","org-10","info","Test alert message 135","2025-10-05T08:05:48.4460763+05:30","True"
"alert-67","org-10","info","Test alert message 1053","2025-09-09T02:10:52.4490797+05:30","False"
"alert-68","org-1","info","Test alert message 612","2025-09-20T10:11:11.4500746+05:30","True"
"alert-69","org-6","info","Test alert message 5505","2025-10-20T03:09:18.4505895+05:30","False"
"alert-70","org-5","info","Test alert message 9466","2025-10-20T02:20:39.4524524+05:30","False"
"alert-71","org-1","info","Test alert message 8532","2025-08-16T23:50:44.4530433+05:30","False"
"alert-72","org-10","info","Test alert message 5991","2025-10-19T14:54:39.4536176+05:30","False"
"alert-73","org-8","warning","Test alert message 2192","2025-11-02T15:15:55.4546366+05:30","True"
"alert-74","org-9","warning","Test alert message 277","2025-10-09T00:50:00.4556358+05:30","False"
"alert-75","org-1","warning","Test alert message 8648","2025-10-13T14:06:03.4566346+05:30","True"
"alert-76","org-10","warning","Test alert message 3257","2025-10-01T11:23:48.4576325+05:30","False"
"alert-77","org-9","critical","Test alert message 4300","2025-08-26T15:01:35.4586329+05:30","False"
"alert-78","org-9","info","Test alert message 4369","2025-10-19T23:46:42.4596347+05:30","False"
"alert-79","org-9","info","Test alert message 6115","2025-08-24T23:57:15.4606341+05:30","True"
"alert-80","org-7","warning","Test alert message 4171","2025-09-22T01:30:28.4611435+05:30","True"
"alert-81","org-1","critical","Test alert message 5467","2025-08-18T20:44:03.4621566+05:30","False"
"alert-82","org-2","warning","Test alert message 9235","2025-10-10T03:35:23.4639040+05:30","False"
"alert-83","org-10","critical","Test alert message 7442","2025-10-01T09:09:44.4648197+05:30","False"
"alert-84","org-4","critical","Test alert message 2406","2025-10-04T14:22:33.4659412+05:30","False"
"alert-85","org-5","critical","Test alert message 2076","2025-09-03T05:52:44.4669548+05:30","False"
"alert-86","org-6","critical","Test alert message 5630","2025-10-10T09:47:18.4669548+05:30","False"
"alert-87","org-3","warning","Test alert message 5654","2025-09-26T22:00:44.4679567+05:30","False"
"alert-88","org-1","warning","Test alert message 8425","2025-08-18T14:32:56.4689578+05:30","False"
"alert-89","org-4","warning","Test alert message 8691","2025-09-02T16:50:28.4699555+05:30","True"
"alert-90","org-5","critical","Test alert message 8804","2025-09-24T02:28:36.4714737+05:30","False"
"alert-91","org-4","info","Test alert message 9445","2025-10-20T13:09:02.4714737+05:30","False"
"alert-92","org-4","warning","Test alert message 1385","2025-09-11T02:32:14.4729984+05:30","False"
"alert-93","org-8","critical","Test alert message 1254","2025-09-04T07:34:55.4729984+05:30","True"
"alert-94","org-8","critical","Test alert message 4067","2025-10-11T01:52:45.4745541+05:30","True"
"alert-95","org-10","warning","Test alert message 666","2025-09-27T04:14:37.4751676+05:30","False"
"alert-96","org-6","critical","Test alert message 6135","2025-09-12T00:33:30.4756826+05:30","True"
"alert-97","org-8","info","Test alert message 7147","2025-09-02T23:54:17.4767625+05:30","False"
"alert-98","org-1","warning","Test alert message 9211","2025-10-04T10:25:03.4767625+05:30","False"
"alert-99","org-2","critical","Test alert message 6096","2025-08-30T01:51:41.4777759+05:30","True"
"alert-100","org-2","critical","Test alert message 6244","2025-09-15T00:55:46.4777759+05:30","False"
